Year,Units,Time series,COMMENT_OBS_0,COMMENT_OBS_1,COMMENT_OBS_2,Value
2010,Percentage,Marine Key Biodiversity Areas (KBAs) covered by protected areas,,,,89.082
2011,Percentage,Marine Key Biodiversity Areas (KBAs) covered by protected areas,,,,89.089
2012,Percentage,Marine Key Biodiversity Areas (KBAs) covered by protected areas,,,,89.089
2013,Percentage,Marine Key Biodiversity Areas (KBAs) covered by protected areas,,,,89.089
2014,Percentage,Marine Key Biodiversity Areas (KBAs) covered by protected areas,,,,89.089
2015,Percentage,Marine Key Biodiversity Areas (KBAs) covered by protected areas,,,,89.093
2016,Percentage,Marine Key Biodiversity Areas (KBAs) covered by protected areas,,,,89.212
2017,Percentage,Marine Key Biodiversity Areas (KBAs) covered by protected areas,,,,89.287
2018,Percentage,Marine Key Biodiversity Areas (KBAs) covered by protected areas,,,,89.313
2019,Percentage,Marine Key Biodiversity Areas (KBAs) covered by protected areas,,,,89.34
2020,Percentage,Marine Key Biodiversity Areas (KBAs) covered by protected areas,,,,89.34
2021,Percentage,Marine Key Biodiversity Areas (KBAs) covered by protected areas,,,,89.341
2022,Percentage,Marine Key Biodiversity Areas (KBAs) covered by protected areas,,,,89.341
2023,Percentage,Marine Key Biodiversity Areas (KBAs) covered by protected areas,,,,89.341
2024,Percentage,Marine Key Biodiversity Areas (KBAs) covered by protected areas,,,,89.341
2025,Percentage,Marine Key Biodiversity Areas (KBAs) covered by protected areas,…,,,89.341
2010,Hectare,Marine Key Biodiversity Areas (KBAs) covered by protected areas,,,,1883157.707
2011,Hectare,Marine Key Biodiversity Areas (KBAs) covered by protected areas,,,,1883311.449
2012,Hectare,Marine Key Biodiversity Areas (KBAs) covered by protected areas,,,,1883314.329
2013,Hectare,Marine Key Biodiversity Areas (KBAs) covered by protected areas,,,,1883314.329
2014,Hectare,Marine Key Biodiversity Areas (KBAs) covered by protected areas,,,,1883314.329
2015,Hectare,Marine Key Biodiversity Areas (KBAs) covered by protected areas,,,,1883389.516
2016,Hectare,Marine Key Biodiversity Areas (KBAs) covered by protected areas,,,,1885919.711
2017,Hectare,Marine Key Biodiversity Areas (KBAs) covered by protected areas,,,,1887489.612
2018,Hectare,Marine Key Biodiversity Areas (KBAs) covered by protected areas,,,,1888047.555
2019,Hectare,Marine Key Biodiversity Areas (KBAs) covered by protected areas,,,,1888627.336
2020,Hectare,Marine Key Biodiversity Areas (KBAs) covered by protected areas,,,,1888627.336
2021,Hectare,Marine Key Biodiversity Areas (KBAs) covered by protected areas,,,,1888646.391
2022,Hectare,Marine Key Biodiversity Areas (KBAs) covered by protected areas,,,,1888646.43
2023,Hectare,Marine Key Biodiversity Areas (KBAs) covered by protected areas,,,,1888647.107
2024,Hectare,Marine Key Biodiversity Areas (KBAs) covered by protected areas,,,,1888647.107
2025,Hectare,Marine Key Biodiversity Areas (KBAs) covered by protected areas,…,,,1888647.107
2010,Hectare,Marine areas covered by protected areas,,,,2523419.827
2011,Hectare,Marine areas covered by protected areas,,,,2523582.591
2012,Hectare,Marine areas covered by protected areas,,,,2523609.142
2013,Hectare,Marine areas covered by protected areas,,,,2523609.142
2014,Hectare,Marine areas covered by protected areas,,,,2523609.142
2015,Hectare,Marine areas covered by protected areas,,,,2524580.577
2016,Hectare,Marine areas covered by protected areas,,,,2561930.559
2017,Hectare,Marine areas covered by protected areas,,,,2567052.967
2018,Hectare,Marine areas covered by protected areas,,,,2571752.161
2019,Hectare,Marine areas covered by protected areas,,,,2578378.851
2020,Hectare,Marine areas covered by protected areas,,,,2578378.851
2021,Hectare,Marine areas covered by protected areas,,,,2578603.785
2022,Hectare,Marine areas covered by protected areas,,,,2578606.193
2023,Hectare,Marine areas covered by protected areas,,,,2578606.899
2024,Hectare,Marine areas covered by protected areas,,,,2578606.899
2025,Hectare,Marine areas covered by protected areas,,,,2578606.899
2010,Percentage,Marine areas covered by protected areas,,,,44.387
2011,Percentage,Marine areas covered by protected areas,,,,44.39
2012,Percentage,Marine areas covered by protected areas,,,,44.39
2013,Percentage,Marine areas covered by protected areas,,,,44.39
2014,Percentage,Marine areas covered by protected areas,,,,44.39
2015,Percentage,Marine areas covered by protected areas,,,,44.407
2016,Percentage,Marine areas covered by protected areas,,,,45.064
2017,Percentage,Marine areas covered by protected areas,,,,45.154
2018,Percentage,Marine areas covered by protected areas,,,,45.237
2019,Percentage,Marine areas covered by protected areas,,,,45.354
2020,Percentage,Marine areas covered by protected areas,,,,45.354
2021,Percentage,Marine areas covered by protected areas,,,,45.357
2022,Percentage,Marine areas covered by protected areas,,,,45.358
2023,Percentage,Marine areas covered by protected areas,,,,45.358
2024,Percentage,Marine areas covered by protected areas,,,,45.358
2025,Percentage,Marine areas covered by protected areas,,,,45.358
2010,Hectare,Marine areas covered by effective protected areas,,,,2181832.642
2011,Hectare,Marine areas covered by effective protected areas,,,,2181833.53
2012,Hectare,Marine areas covered by effective protected areas,,,,2181833.53
2013,Hectare,Marine areas covered by effective protected areas,,,,2181833.53
2014,Hectare,Marine areas covered by effective protected areas,,,,2181833.53
2015,Hectare,Marine areas covered by effective protected areas,,,,2181834.145
2016,Hectare,Marine areas covered by effective protected areas,,,,2181834.145
2017,Hectare,Marine areas covered by effective protected areas,,,,2183575.899
2018,Hectare,Marine areas covered by effective protected areas,,,,2183586.8
2019,Hectare,Marine areas covered by effective protected areas,,,,2187797.321
2020,Hectare,Marine areas covered by effective protected areas,,,,2187797.321
2021,Hectare,Marine areas covered by effective protected areas,,,,2187797.526
2022,Hectare,Marine areas covered by effective protected areas,,,,2187797.526
2023,Hectare,Marine areas covered by effective protected areas,,,,2187797.526
2024,Hectare,Marine areas covered by effective protected areas,,,,2187797.526
2025,Hectare,Marine areas covered by effective protected areas,,,,2187797.526
2010,Percentage,Marine areas covered by effective protected areas,,,,38.378
2011,Percentage,Marine areas covered by effective protected areas,,,,38.378
2012,Percentage,Marine areas covered by effective protected areas,,,,38.378
2013,Percentage,Marine areas covered by effective protected areas,,,,38.378
2014,Percentage,Marine areas covered by effective protected areas,,,,38.378
2015,Percentage,Marine areas covered by effective protected areas,,,,38.378
2016,Percentage,Marine areas covered by effective protected areas,,,,38.378
2017,Percentage,Marine areas covered by effective protected areas,,,,38.409
2018,Percentage,Marine areas covered by effective protected areas,,,,38.409
2019,Percentage,Marine areas covered by effective protected areas,,,,38.483
2020,Percentage,Marine areas covered by effective protected areas,,,,38.483
2021,Percentage,Marine areas covered by effective protected areas,,,,38.483
2022,Percentage,Marine areas covered by effective protected areas,,,,38.483
2023,Percentage,Marine areas covered by effective protected areas,,,,38.483
2024,Percentage,Marine areas covered by effective protected areas,,,,38.483
2025,Percentage,Marine areas covered by effective protected areas,,,,38.483
