Year,Time series,Value
2010,Children under 5 years of age whose births have been registered with a civil authority,100
2011,Children under 5 years of age whose births have been registered with a civil authority,100
2012,Children under 5 years of age whose births have been registered with a civil authority,100
2013,Children under 5 years of age whose births have been registered with a civil authority,100
2014,Children under 5 years of age whose births have been registered with a civil authority,100
2015,Children under 5 years of age whose births have been registered with a civil authority,100
2016,Children under 5 years of age whose births have been registered with a civil authority,100
2017,Children under 5 years of age whose births have been registered with a civil authority,100
2018,Children under 5 years of age whose births have been registered with a civil authority,100
