Year,Units,Time series,Value
2010,Percentage,Annual growth rate of real GDP,4.2
2011,Percentage,Annual growth rate of real GDP,3.9
2012,Percentage,Annual growth rate of real GDP,0.4
2013,Percentage,Annual growth rate of real GDP,0.4
2014,Percentage,Annual growth rate of real GDP,2.2
2015,Percentage,Annual growth rate of real GDP,1.5
2016,Percentage,Annual growth rate of real GDP,2.2
2017,Percentage,Annual growth rate of real GDP,2.7
2018,Percentage,Annual growth rate of real GDP,1.1
2019,Percentage,Annual growth rate of real GDP,1.1
2020,Percentage,Annual growth rate of real GDP,-4.6
2010,Billion EUR,Available income of private households,1525.6
2011,Billion EUR,Available income of private households,1577.6
2012,Billion EUR,Available income of private households,1614.0
2013,Billion EUR,Available income of private households,1637.0
2014,Billion EUR,Available income of private households,1678.0
2015,Billion EUR,Available income of private households,1724.5
2016,Billion EUR,Available income of private households,1784.9
2017,Billion EUR,Available income of private households,1844.5
2018,Billion EUR,Available income of private households,1919.4
2019,Billion EUR,Available income of private households,1959.9
2020,Billion EUR,Available income of private households,1975.2
2010,Billion EUR,Consumption by private households,1372.9
2011,Billion EUR,Consumption by private households,1423.6
2012,Billion EUR,Consumption by private households,1465.9
2013,Billion EUR,Consumption by private households,1492.5
2014,Billion EUR,Consumption by private households,1521.1
2015,Billion EUR,Consumption by private households,1559.4
2016,Billion EUR,Consumption by private households,1608.2
2017,Billion EUR,Consumption by private households,1654.6
2018,Billion EUR,Consumption by private households,1702.8
2019,Billion EUR,Consumption by private households,1753.1
2020,Billion EUR,Consumption by private households,1656.2
2010,Billion EUR,Debt level of the total public budget,2011.7
2011,Billion EUR,Debt level of the total public budget,2025.4
2012,Billion EUR,Debt level of the total public budget,2068.3
2013,Billion EUR,Debt level of the total public budget,2043.3
2014,Billion EUR,Debt level of the total public budget,2043.9
2015,Billion EUR,Debt level of the total public budget,2020.7
2016,Billion EUR,Debt level of the total public budget,2009.3
2017,Billion EUR,Debt level of the total public budget,1969.1
2018,Billion EUR,Debt level of the total public budget,1915.8
2019,Billion EUR,Debt level of the total public budget,1899.1
2020,Billion EUR,Debt level of the total public budget,2172.9
2010,Billion EUR,Government fiscal balance,-112.3
2011,Billion EUR,Government fiscal balance,-23.7
2012,Billion EUR,Government fiscal balance,0.3
2013,Billion EUR,Government fiscal balance,1.1
2014,Billion EUR,Government fiscal balance,17.0
2015,Billion EUR,Government fiscal balance,29.1
2016,Billion EUR,Government fiscal balance,36.4
2017,Billion EUR,Government fiscal balance,43.7
2018,Billion EUR,Government fiscal balance,64.4
2019,Billion EUR,Government fiscal balance,51.1
2020,Billion EUR,Government fiscal balance,-145.3
2010,Billion EUR,Gross fixed capital formation,501.1
2011,Billion EUR,Gross fixed capital formation,548.7
2012,Billion EUR,Gross fixed capital formation,557.9
2013,Billion EUR,Gross fixed capital formation,559.5
2014,Billion EUR,Gross fixed capital formation,586.7
2015,Billion EUR,Gross fixed capital formation,605.8
2016,Billion EUR,Gross fixed capital formation,636.3
2017,Billion EUR,Gross fixed capital formation,666.9
2018,Billion EUR,Gross fixed capital formation,709.2
2019,Billion EUR,Gross fixed capital formation,742.2
2020,Billion EUR,Gross fixed capital formation,735.9
2010,Million hours,Hours worked by employees,49314.0
2011,Million hours,Hours worked by employees,50102.0
2012,Million hours,Hours worked by employees,50100.0
2013,Million hours,Hours worked by employees,50220.0
2014,Million hours,Hours worked by employees,51032.0
2015,Million hours,Hours worked by employees,51754.0
2016,Million hours,Hours worked by employees,52451.0
2017,Million hours,Hours worked by employees,53219.0
2018,Million hours,Hours worked by employees,54030.0
2019,Million hours,Hours worked by employees,54624.0
2020,Million hours,Hours worked by employees,52479.0
2010,Million hours,Hours worked by persons employed,58524.0
2011,Million hours,Hours worked by persons employed,59279.0
2012,Million hours,Hours worked by persons employed,59162.0
2013,Million hours,Hours worked by persons employed,59140.0
2014,Million hours,Hours worked by persons employed,59827.0
2015,Million hours,Hours worked by persons employed,60412.0
2016,Million hours,Hours worked by persons employed,60933.0
2017,Million hours,Hours worked by persons employed,61471.0
2018,Million hours,Hours worked by persons employed,62113.0
2019,Million hours,Hours worked by persons employed,62539.0
2020,Million hours,Hours worked by persons employed,59454.0
2010,2015 = 100,Labour productivity per hour worked by employee,96.5
2011,2015 = 100,Labour productivity per hour worked by employee,98.7
2012,2015 = 100,Labour productivity per hour worked by employee,99.1
2013,2015 = 100,Labour productivity per hour worked by employee,99.3
2014,2015 = 100,Labour productivity per hour worked by employee,99.9
2015,2015 = 100,Labour productivity per hour worked by employee,100.0
2016,2015 = 100,Labour productivity per hour worked by employee,100.9
2017,2015 = 100,Labour productivity per hour worked by employee,102.1
2018,2015 = 100,Labour productivity per hour worked by employee,101.6
2019,2015 = 100,Labour productivity per hour worked by employee,101.6
2020,2015 = 100,Labour productivity per hour worked by employee,100.9
2010,2015 = 100,Labour productivity per hour worked by persons employed,94.9
2011,2015 = 100,Labour productivity per hour worked by persons employed,97.4
2012,2015 = 100,Labour productivity per hour worked by persons employed,98.0
2013,2015 = 100,Labour productivity per hour worked by persons employed,98.5
2014,2015 = 100,Labour productivity per hour worked by persons employed,99.5
2015,2015 = 100,Labour productivity per hour worked by persons employed,100.0
2016,2015 = 100,Labour productivity per hour worked by persons employed,101.4
2017,2015 = 100,Labour productivity per hour worked by persons employed,103.2
2018,2015 = 100,Labour productivity per hour worked by persons employed,103.2
2019,2015 = 100,Labour productivity per hour worked by persons employed,103.6
2020,2015 = 100,Labour productivity per hour worked by persons employed,104.0
2010,"1,000",Persons employed,41048.0
2011,"1,000",Persons employed,41544.0
2012,"1,000",Persons employed,42019.0
2013,"1,000",Persons employed,42350.0
2014,"1,000",Persons employed,42721.0
2015,"1,000",Persons employed,43122.0
2016,"1,000",Persons employed,43661.0
2017,"1,000",Persons employed,44251.0
2018,"1,000",Persons employed,44858.0
2019,"1,000",Persons employed,45268.0
2020,"1,000",Persons employed,44898.0
2010,2015 = 100,Real GDP per capita,93.6
2011,2015 = 100,Real GDP per capita,97.3
2012,2015 = 100,Real GDP per capita,97.5
2013,2015 = 100,Real GDP per capita,97.6
2014,2015 = 100,Real GDP per capita,99.4
2015,2015 = 100,Real GDP per capita,100.0
2016,2015 = 100,Real GDP per capita,101.4
2017,2015 = 100,Real GDP per capita,103.7
2018,2015 = 100,Real GDP per capita,104.6
2019,2015 = 100,Real GDP per capita,105.4
2020,2015 = 100,Real GDP per capita,100.5
2010,Billion EUR,Trade balance,134.9
2011,Billion EUR,Trade balance,132.2
2012,Billion EUR,Trade balance,167.5
2013,Billion EUR,Trade balance,161.9
2014,Billion EUR,Trade balance,193.8
2015,Billion EUR,Trade balance,229.8
2016,Billion EUR,Trade balance,231.2
2017,Billion EUR,Trade balance,231.6
2018,Billion EUR,Trade balance,207.7
2019,Billion EUR,Trade balance,196.2
2020,Billion EUR,Trade balance,192.8
