Year,Units,Series,Value
2010,Million EUR,ODA (commitments) to public-private partnerships (PPP) for infrastructure,0.0
2011,Million EUR,ODA (commitments) to public-private partnerships (PPP) for infrastructure,0.0
2012,Million EUR,ODA (commitments) to public-private partnerships (PPP) for infrastructure,0.0
2013,Million EUR,ODA (commitments) to public-private partnerships (PPP) for infrastructure,0.0
2014,Million EUR,ODA (commitments) to public-private partnerships (PPP) for infrastructure,0.0
2015,Million EUR,ODA (commitments) to public-private partnerships (PPP) for infrastructure,0.0
2016,Million EUR,ODA (commitments) to public-private partnerships (PPP) for infrastructure,9.0
2017,Million EUR,ODA (commitments) to public-private partnerships (PPP) for infrastructure,0.0
2018,Million EUR,ODA (commitments) to public-private partnerships (PPP) for infrastructure,0.0
2019,Million EUR,ODA (commitments) to public-private partnerships (PPP) for infrastructure,3.3
2020,Million EUR,ODA (commitments) to public-private partnerships (PPP) for infrastructure,26.5
2021,Million EUR,ODA (commitments) to public-private partnerships (PPP) for infrastructure,25.46
2010,"Million USD, constant prices (2020)",ODA (commitments) to public-private partnerships (PPP) for infrastructure,0.0
2011,"Million USD, constant prices (2020)",ODA (commitments) to public-private partnerships (PPP) for infrastructure,0.0
2012,"Million USD, constant prices (2020)",ODA (commitments) to public-private partnerships (PPP) for infrastructure,0.0
2013,"Million USD, constant prices (2020)",ODA (commitments) to public-private partnerships (PPP) for infrastructure,0.0
2014,"Million USD, constant prices (2020)",ODA (commitments) to public-private partnerships (PPP) for infrastructure,0.0
2015,"Million USD, constant prices (2020)",ODA (commitments) to public-private partnerships (PPP) for infrastructure,0.0
2016,"Million USD, constant prices (2020)",ODA (commitments) to public-private partnerships (PPP) for infrastructure,11.01
2017,"Million USD, constant prices (2020)",ODA (commitments) to public-private partnerships (PPP) for infrastructure,0.0
2018,"Million USD, constant prices (2020)",ODA (commitments) to public-private partnerships (PPP) for infrastructure,0.0
2019,"Million USD, constant prices (2020)",ODA (commitments) to public-private partnerships (PPP) for infrastructure,3.82
2020,"Million USD, constant prices (2020)",ODA (commitments) to public-private partnerships (PPP) for infrastructure,30.2
2021,"Million USD, constant prices (2020)",ODA (commitments) to public-private partnerships (PPP) for infrastructure,28.16
2010,Million EUR,ODA (gross disbursements) to public-private partnerships (PPP) for infrastructure,0.0
2011,Million EUR,ODA (gross disbursements) to public-private partnerships (PPP) for infrastructure,0.0
2012,Million EUR,ODA (gross disbursements) to public-private partnerships (PPP) for infrastructure,0.0
2013,Million EUR,ODA (gross disbursements) to public-private partnerships (PPP) for infrastructure,0.0
2014,Million EUR,ODA (gross disbursements) to public-private partnerships (PPP) for infrastructure,0.0
2015,Million EUR,ODA (gross disbursements) to public-private partnerships (PPP) for infrastructure,0.0
2016,Million EUR,ODA (gross disbursements) to public-private partnerships (PPP) for infrastructure,9.0
2017,Million EUR,ODA (gross disbursements) to public-private partnerships (PPP) for infrastructure,0.0
2018,Million EUR,ODA (gross disbursements) to public-private partnerships (PPP) for infrastructure,0.0
2019,Million EUR,ODA (gross disbursements) to public-private partnerships (PPP) for infrastructure,0.03
2020,Million EUR,ODA (gross disbursements) to public-private partnerships (PPP) for infrastructure,24.75
2021,Million EUR,ODA (gross disbursements) to public-private partnerships (PPP) for infrastructure,25.0
2010,"Million USD, constant prices (2020)",ODA (gross disbursements) to public-private partnerships (PPP) for infrastructure,0.0
2011,"Million USD, constant prices (2020)",ODA (gross disbursements) to public-private partnerships (PPP) for infrastructure,0.0
2012,"Million USD, constant prices (2020)",ODA (gross disbursements) to public-private partnerships (PPP) for infrastructure,0.0
2013,"Million USD, constant prices (2020)",ODA (gross disbursements) to public-private partnerships (PPP) for infrastructure,0.0
2014,"Million USD, constant prices (2020)",ODA (gross disbursements) to public-private partnerships (PPP) for infrastructure,0.0
2015,"Million USD, constant prices (2020)",ODA (gross disbursements) to public-private partnerships (PPP) for infrastructure,0.0
2016,"Million USD, constant prices (2020)",ODA (gross disbursements) to public-private partnerships (PPP) for infrastructure,11.01
2017,"Million USD, constant prices (2020)",ODA (gross disbursements) to public-private partnerships (PPP) for infrastructure,0.0
2018,"Million USD, constant prices (2020)",ODA (gross disbursements) to public-private partnerships (PPP) for infrastructure,0.0
2019,"Million USD, constant prices (2020)",ODA (gross disbursements) to public-private partnerships (PPP) for infrastructure,0.03
2020,"Million USD, constant prices (2020)",ODA (gross disbursements) to public-private partnerships (PPP) for infrastructure,28.21
2021,"Million USD, constant prices (2020)",ODA (gross disbursements) to public-private partnerships (PPP) for infrastructure,27.65
