Year,Units,Age group,Value
2010,Percentage,14 years and younger,0.0
2011,Percentage,14 years and younger,0.0
2012,Percentage,14 years and younger,0.0
2013,Percentage,14 years and younger,0.0
2014,Percentage,14 years and younger,0.0
2015,Percentage,14 years and younger,0.0
2016,Percentage,14 years and younger,0.0
2017,Percentage,14 years and younger,0.0
2018,Percentage,14 years and younger,0.0
2019,Percentage,14 years and younger,0.0
2020,Percentage,14 years and younger,0.0
2021,Percentage,14 years and younger,0.0
2022,Percentage,14 years and younger,0.0
2023,Percentage,14 years and younger,0.0
2010,Percentage,17 years and younger,0.0
2011,Percentage,17 years and younger,0.0
2012,Percentage,17 years and younger,0.0
2013,Percentage,17 years and younger,0.0
2014,Percentage,17 years and younger,0.0
2015,Percentage,17 years and younger,0.0
2016,Percentage,17 years and younger,0.0
2017,Percentage,17 years and younger,0.0
2018,Percentage,17 years and younger,0.0
2019,Percentage,17 years and younger,0.0
2020,Percentage,17 years and younger,0.0
2021,Percentage,17 years and younger,0.0
2022,Percentage,17 years and younger,0.0
2023,Percentage,17 years and younger,0.0
2010,Number,17 years and younger,225.0
2011,Number,17 years and younger,213.0
2012,Number,17 years and younger,214.0
2013,Number,17 years and younger,256.0
2014,Number,17 years and younger,321.0
2015,Number,17 years and younger,880.0
2016,Number,17 years and younger,700.0
2017,Number,17 years and younger,318.0
2018,Number,17 years and younger,143.0
2019,Number,17 years and younger,90.0
2020,Number,17 years and younger,73.0
2021,Number,17 years and younger,67.0
2022,Number,17 years and younger,65.0
2023,Number,17 years and younger,
