Year,Time series,Value
2010,Renewable energy share in total final energy consumption,10.6
2011,Renewable energy share in total final energy consumption,11.5
2012,Renewable energy share in total final energy consumption,11.9
2013,Renewable energy share in total final energy consumption,12.0
2014,Renewable energy share in total final energy consumption,13.2
2015,Renewable energy share in total final energy consumption,14.0
2016,Renewable energy share in total final energy consumption,14.0
2017,Renewable energy share in total final energy consumption,14.9
2010,Renewable energy share in gross final energy consumption,11.4
2011,Renewable energy share in gross final energy consumption,12.5
2012,Renewable energy share in gross final energy consumption,13.6
2013,Renewable energy share in gross final energy consumption,13.8
2014,Renewable energy share in gross final energy consumption,14.3
2015,Renewable energy share in gross final energy consumption,15.2
2016,Renewable energy share in gross final energy consumption,14.9
2017,Renewable energy share in gross final energy consumption,16.0
2018,Renewable energy share in gross final energy consumption,16.8
2019,Renewable energy share in gross final energy consumption,17.4
