Year,Units,Time series,Mode of transport,Value
2010,Million passenger-kilometre,Passenger transports,,1117240.0
2011,Million passenger-kilometre,Passenger transports,,1131004.0
2012,Million passenger-kilometre,Passenger transports,,1135558.0
2013,Million passenger-kilometre,Passenger transports,,1143475.0
2014,Million passenger-kilometre,Passenger transports,,1162942.0
2015,Million passenger-kilometre,Passenger transports,,1180646.0
2016,Million passenger-kilometre,Passenger transports,,1204775.0
2017,Million passenger-kilometre,Passenger transports,,1155136.0
2018,Million passenger-kilometre,Passenger transports,,1161885.0
2019,Million passenger-kilometre,Passenger transports,,1169786.0
2020,Million passenger-kilometre,Passenger transports,,
2010,Million passenger-kilometre,Passenger transports,Road transport,78092.0
2011,Million passenger-kilometre,Passenger transports,Road transport,77957.0
2012,Million passenger-kilometre,Passenger transports,Road transport,76019.0
2013,Million passenger-kilometre,Passenger transports,Road transport,76146.0
2014,Million passenger-kilometre,Passenger transports,Road transport,78786.0
2015,Million passenger-kilometre,Passenger transports,Road transport,81771.0
2016,Million passenger-kilometre,Passenger transports,Road transport,81445.0
2017,Million passenger-kilometre,Passenger transports,Road transport,79730.0
2018,Million passenger-kilometre,Passenger transports,Road transport,80103.0
2019,Million passenger-kilometre,Passenger transports,Road transport,78919.0
2020,Million passenger-kilometre,Passenger transports,Road transport,
2010,Million passenger-kilometre,Passenger transports,Rail transport,83886.0
2011,Million passenger-kilometre,Passenger transports,Rail transport,85414.0
2012,Million passenger-kilometre,Passenger transports,Rail transport,88795.0
2013,Million passenger-kilometre,Passenger transports,Rail transport,89615.0
2014,Million passenger-kilometre,Passenger transports,Rail transport,90976.0
2015,Million passenger-kilometre,Passenger transports,Rail transport,91603.0
2016,Million passenger-kilometre,Passenger transports,Rail transport,94196.0
2017,Million passenger-kilometre,Passenger transports,Rail transport,95530.0
2018,Million passenger-kilometre,Passenger transports,Rail transport,98061.0
2019,Million passenger-kilometre,Passenger transports,Rail transport,102026.0
2020,Million passenger-kilometre,Passenger transports,Rail transport,
2010,Million passenger-kilometre,Passenger transports,Commercial air transport,52822.0
2011,Million passenger-kilometre,Passenger transports,Commercial air transport,55215.0
2012,Million passenger-kilometre,Passenger transports,Commercial air transport,56180.0
2013,Million passenger-kilometre,Passenger transports,Commercial air transport,56294.0
2014,Million passenger-kilometre,Passenger transports,Commercial air transport,58223.0
2015,Million passenger-kilometre,Passenger transports,Commercial air transport,61543.0
2016,Million passenger-kilometre,Passenger transports,Commercial air transport,63983.0
2017,Million passenger-kilometre,Passenger transports,Commercial air transport,67523.0
2018,Million passenger-kilometre,Passenger transports,Commercial air transport,70445.0
2019,Million passenger-kilometre,Passenger transports,Commercial air transport,71841.0
2020,Million passenger-kilometre,Passenger transports,Commercial air transport,
2010,Million passenger-kilometre,Passenger transports,Motorised private transport,902440.0
2011,Million passenger-kilometre,Passenger transports,Motorised private transport,912417.0
2012,Million passenger-kilometre,Passenger transports,Motorised private transport,914563.0
2013,Million passenger-kilometre,Passenger transports,Motorised private transport,921420.0
2014,Million passenger-kilometre,Passenger transports,Motorised private transport,934957.0
2015,Million passenger-kilometre,Passenger transports,Motorised private transport,945729.0
2016,Million passenger-kilometre,Passenger transports,Motorised private transport,965151.0
2017,Million passenger-kilometre,Passenger transports,Motorised private transport,912353.0
2018,Million passenger-kilometre,Passenger transports,Motorised private transport,913276.0
2019,Million passenger-kilometre,Passenger transports,Motorised private transport,917000.0
2020,Million passenger-kilometre,Passenger transports,Motorised private transport,
2010,Million tonne-kilometres,Freight transports,,627882.0
2011,Million tonne-kilometres,Freight transports,,628047.0
2012,Million tonne-kilometres,Freight transports,,618179.0
2013,Million tonne-kilometres,Freight transports,,634973.0
2014,Million tonne-kilometres,Freight transports,,642604.0
2015,Million tonne-kilometres,Freight transports,,655708.0
2016,Million tonne-kilometres,Freight transports,,658400.0
2017,Million tonne-kilometres,Freight transports,,667436.0
2018,Million tonne-kilometres,Freight transports,,675620.0
2019,Million tonne-kilometres,Freight transports,,681945.0
2020,Million tonne-kilometres,Freight transports,,
2010,Million tonne-kilometres,Freight transports,Road transport,440600.0
2011,Million tonne-kilometres,Freight transports,Road transport,442600.0
2012,Million tonne-kilometres,Freight transports,Road transport,432000.0
2013,Million tonne-kilometres,Freight transports,Road transport,442700.0
2014,Million tonne-kilometres,Freight transports,Road transport,451900.0
2015,Million tonne-kilometres,Freight transports,Road transport,464600.0
2016,Million tonne-kilometres,Freight transports,Road transport,473400.0
2017,Million tonne-kilometres,Freight transports,Road transport,486000.0
2018,Million tonne-kilometres,Freight transports,Road transport,499200.0
2019,Million tonne-kilometres,Freight transports,Road transport,498600.0
2020,Million tonne-kilometres,Freight transports,Road transport,486100.0
2010,Million tonne-kilometres,Freight transports,Rail transport,107317.0
2011,Million tonne-kilometres,Freight transports,Rail transport,113317.0
2012,Million tonne-kilometres,Freight transports,Rail transport,110065.0
2013,Million tonne-kilometres,Freight transports,Rail transport,112613.0
2014,Million tonne-kilometres,Freight transports,Rail transport,112629.0
2015,Million tonne-kilometres,Freight transports,Rail transport,116632.0
2016,Million tonne-kilometres,Freight transports,Rail transport,110373.0
2017,Million tonne-kilometres,Freight transports,Rail transport,106062.0
2018,Million tonne-kilometres,Freight transports,Rail transport,110668.0
2019,Million tonne-kilometres,Freight transports,Rail transport,113114.0
2020,Million tonne-kilometres,Freight transports,Rail transport,108406.0
2010,Million tonne-kilometres,Freight transports,Inland waterway transport,62278.0
2011,Million tonne-kilometres,Freight transports,Inland waterway transport,55027.0
2012,Million tonne-kilometres,Freight transports,Inland waterway transport,58488.0
2013,Million tonne-kilometres,Freight transports,Inland waterway transport,60070.0
2014,Million tonne-kilometres,Freight transports,Inland waterway transport,59093.0
2015,Million tonne-kilometres,Freight transports,Inland waterway transport,55315.0
2016,Million tonne-kilometres,Freight transports,Inland waterway transport,54347.0
2017,Million tonne-kilometres,Freight transports,Inland waterway transport,55518.0
2018,Million tonne-kilometres,Freight transports,Inland waterway transport,46901.0
2019,Million tonne-kilometres,Freight transports,Inland waterway transport,50945.0
2020,Million tonne-kilometres,Freight transports,Inland waterway transport,46338.0
2010,Million tonne-kilometres,Freight transports,Commercial air transport,1428.0
2011,Million tonne-kilometres,Freight transports,Commercial air transport,1480.0
2012,Million tonne-kilometres,Freight transports,Commercial air transport,1420.0
2013,Million tonne-kilometres,Freight transports,Commercial air transport,1410.0
2014,Million tonne-kilometres,Freight transports,Commercial air transport,1441.0
2015,Million tonne-kilometres,Freight transports,Commercial air transport,1447.0
2016,Million tonne-kilometres,Freight transports,Commercial air transport,1519.0
2017,Million tonne-kilometres,Freight transports,Commercial air transport,1617.0
2018,Million tonne-kilometres,Freight transports,Commercial air transport,1637.0
2019,Million tonne-kilometres,Freight transports,Commercial air transport,1587.0
2020,Million tonne-kilometres,Freight transports,Commercial air transport,1546.0
2010,Million tonne-kilometres,Freight transports,Pipelines: crude oil,16259.0
2011,Million tonne-kilometres,Freight transports,Pipelines: crude oil,15623.0
2012,Million tonne-kilometres,Freight transports,Pipelines: crude oil,16207.0
2013,Million tonne-kilometres,Freight transports,Pipelines: crude oil,18180.0
2014,Million tonne-kilometres,Freight transports,Pipelines: crude oil,17541.0
2015,Million tonne-kilometres,Freight transports,Pipelines: crude oil,17714.0
2016,Million tonne-kilometres,Freight transports,Pipelines: crude oil,18761.0
2017,Million tonne-kilometres,Freight transports,Pipelines: crude oil,18239.0
2018,Million tonne-kilometres,Freight transports,Pipelines: crude oil,17234.0
2019,Million tonne-kilometres,Freight transports,Pipelines: crude oil,17649.0
2020,Million tonne-kilometres,Freight transports,Pipelines: crude oil,16686.0
