Year,Units,Mode of transport,Series,Value
2010,Million passenger-kilometre,,Passenger transport,1117240.0
2011,Million passenger-kilometre,,Passenger transport,1131004.0
2012,Million passenger-kilometre,,Passenger transport,1135558.0
2013,Million passenger-kilometre,,Passenger transport,1143475.0
2014,Million passenger-kilometre,,Passenger transport,1162942.0
2015,Million passenger-kilometre,,Passenger transport,1180646.0
2016,Million passenger-kilometre,,Passenger transport,1204775.0
2017,Million passenger-kilometre,,Passenger transport,1155136.0
2018,Million passenger-kilometre,,Passenger transport,1161885.0
2019,Million passenger-kilometre,,Passenger transport,1170186.0
2020,Million passenger-kilometre,,Passenger transport,945755.0
2021,Million passenger-kilometre,,Passenger transport,
2010,Million passenger-kilometre,Road transport,Passenger transport,78092.0
2011,Million passenger-kilometre,Road transport,Passenger transport,77957.0
2012,Million passenger-kilometre,Road transport,Passenger transport,76019.0
2013,Million passenger-kilometre,Road transport,Passenger transport,76146.0
2014,Million passenger-kilometre,Road transport,Passenger transport,78786.0
2015,Million passenger-kilometre,Road transport,Passenger transport,81771.0
2016,Million passenger-kilometre,Road transport,Passenger transport,81445.0
2017,Million passenger-kilometre,Road transport,Passenger transport,79730.0
2018,Million passenger-kilometre,Road transport,Passenger transport,80103.0
2019,Million passenger-kilometre,Road transport,Passenger transport,78919.0
2020,Million passenger-kilometre,Road transport,Passenger transport,45735.0
2021,Million passenger-kilometre,Road transport,Passenger transport,
2010,Million passenger-kilometre,Rail transport,Passenger transport,83886.0
2011,Million passenger-kilometre,Rail transport,Passenger transport,85414.0
2012,Million passenger-kilometre,Rail transport,Passenger transport,88795.0
2013,Million passenger-kilometre,Rail transport,Passenger transport,89615.0
2014,Million passenger-kilometre,Rail transport,Passenger transport,90976.0
2015,Million passenger-kilometre,Rail transport,Passenger transport,91603.0
2016,Million passenger-kilometre,Rail transport,Passenger transport,94196.0
2017,Million passenger-kilometre,Rail transport,Passenger transport,95530.0
2018,Million passenger-kilometre,Rail transport,Passenger transport,98061.0
2019,Million passenger-kilometre,Rail transport,Passenger transport,102026.0
2020,Million passenger-kilometre,Rail transport,Passenger transport,58816.0
2021,Million passenger-kilometre,Rail transport,Passenger transport,
2010,Million passenger-kilometre,Air transport,Passenger transport,52822.0
2011,Million passenger-kilometre,Air transport,Passenger transport,55215.0
2012,Million passenger-kilometre,Air transport,Passenger transport,56180.0
2013,Million passenger-kilometre,Air transport,Passenger transport,56294.0
2014,Million passenger-kilometre,Air transport,Passenger transport,58223.0
2015,Million passenger-kilometre,Air transport,Passenger transport,61543.0
2016,Million passenger-kilometre,Air transport,Passenger transport,63983.0
2017,Million passenger-kilometre,Air transport,Passenger transport,67523.0
2018,Million passenger-kilometre,Air transport,Passenger transport,70445.0
2019,Million passenger-kilometre,Air transport,Passenger transport,71841.0
2020,Million passenger-kilometre,Air transport,Passenger transport,18704.0
2021,Million passenger-kilometre,Air transport,Passenger transport,
2010,Million passenger-kilometre,Motorised private transport,Passenger transport,902440.0
2011,Million passenger-kilometre,Motorised private transport,Passenger transport,912417.0
2012,Million passenger-kilometre,Motorised private transport,Passenger transport,914563.0
2013,Million passenger-kilometre,Motorised private transport,Passenger transport,921420.0
2014,Million passenger-kilometre,Motorised private transport,Passenger transport,934957.0
2015,Million passenger-kilometre,Motorised private transport,Passenger transport,945729.0
2016,Million passenger-kilometre,Motorised private transport,Passenger transport,965151.0
2017,Million passenger-kilometre,Motorised private transport,Passenger transport,912353.0
2018,Million passenger-kilometre,Motorised private transport,Passenger transport,913276.0
2019,Million passenger-kilometre,Motorised private transport,Passenger transport,917400.0
2020,Million passenger-kilometre,Motorised private transport,Passenger transport,822500.0
2021,Million passenger-kilometre,Motorised private transport,Passenger transport,
2010,Million tonne-kilometres,,Freight transport,627882.0
2011,Million tonne-kilometres,,Freight transport,628083.0
2012,Million tonne-kilometres,,Freight transport,618179.0
2013,Million tonne-kilometres,,Freight transport,634973.0
2014,Million tonne-kilometres,,Freight transport,642604.0
2015,Million tonne-kilometres,,Freight transport,655708.0
2016,Million tonne-kilometres,,Freight transport,676893.0
2017,Million tonne-kilometres,,Freight transport,692578.0
2018,Million tonne-kilometres,,Freight transport,694963.0
2019,Million tonne-kilometres,,Freight transport,697942.0
2020,Million tonne-kilometres,,Freight transport,671760.0
2021,Million tonne-kilometres,,Freight transport,702360.0
2010,Million tonne-kilometres,Road transport,Freight transport,440600.0
2011,Million tonne-kilometres,Road transport,Freight transport,442600.0
2012,Million tonne-kilometres,Road transport,Freight transport,432000.0
2013,Million tonne-kilometres,Road transport,Freight transport,442700.0
2014,Million tonne-kilometres,Road transport,Freight transport,451900.0
2015,Million tonne-kilometres,Road transport,Freight transport,464600.0
2016,Million tonne-kilometres,Road transport,Freight transport,473400.0
2017,Million tonne-kilometres,Road transport,Freight transport,486000.0
2018,Million tonne-kilometres,Road transport,Freight transport,499200.0
2019,Million tonne-kilometres,Road transport,Freight transport,498600.0
2020,Million tonne-kilometres,Road transport,Freight transport,487400.0
2021,Million tonne-kilometres,Road transport,Freight transport,505600.0
2010,Million tonne-kilometres,Rail transport,Freight transport,107317.0
2011,Million tonne-kilometres,Rail transport,Freight transport,113317.0
2012,Million tonne-kilometres,Rail transport,Freight transport,110065.0
2013,Million tonne-kilometres,Rail transport,Freight transport,112613.0
2014,Million tonne-kilometres,Rail transport,Freight transport,112629.0
2015,Million tonne-kilometres,Rail transport,Freight transport,116632.0
2016,Million tonne-kilometres,Rail transport,Freight transport,128866.0
2017,Million tonne-kilometres,Rail transport,Freight transport,131204.0
2018,Million tonne-kilometres,Rail transport,Freight transport,129991.0
2019,Million tonne-kilometres,Rail transport,Freight transport,129161.0
2020,Million tonne-kilometres,Rail transport,Freight transport,119790.0
2021,Million tonne-kilometres,Rail transport,Freight transport,131035.0
2010,Million tonne-kilometres,Inland waterway transport,Freight transport,62278.0
2011,Million tonne-kilometres,Inland waterway transport,Freight transport,55027.0
2012,Million tonne-kilometres,Inland waterway transport,Freight transport,58488.0
2013,Million tonne-kilometres,Inland waterway transport,Freight transport,60070.0
2014,Million tonne-kilometres,Inland waterway transport,Freight transport,59093.0
2015,Million tonne-kilometres,Inland waterway transport,Freight transport,55315.0
2016,Million tonne-kilometres,Inland waterway transport,Freight transport,54347.0
2017,Million tonne-kilometres,Inland waterway transport,Freight transport,55518.0
2018,Million tonne-kilometres,Inland waterway transport,Freight transport,46901.0
2019,Million tonne-kilometres,Inland waterway transport,Freight transport,50945.0
2020,Million tonne-kilometres,Inland waterway transport,Freight transport,46338.0
2021,Million tonne-kilometres,Inland waterway transport,Freight transport,48197.0
2010,Million tonne-kilometres,Air transport,Freight transport,1428.0
2011,Million tonne-kilometres,Air transport,Freight transport,1480.0
2012,Million tonne-kilometres,Air transport,Freight transport,1421.0
2013,Million tonne-kilometres,Air transport,Freight transport,1410.0
2014,Million tonne-kilometres,Air transport,Freight transport,1441.0
2015,Million tonne-kilometres,Air transport,Freight transport,1447.0
2016,Million tonne-kilometres,Air transport,Freight transport,1519.0
2017,Million tonne-kilometres,Air transport,Freight transport,1617.0
2018,Million tonne-kilometres,Air transport,Freight transport,1637.0
2019,Million tonne-kilometres,Air transport,Freight transport,1587.0
2020,Million tonne-kilometres,Air transport,Freight transport,1546.0
2021,Million tonne-kilometres,Air transport,Freight transport,1790.0
2010,Million tonne-kilometres,Pipelines: crude oil,Freight transport,16259.0
2011,Million tonne-kilometres,Pipelines: crude oil,Freight transport,15623.0
2012,Million tonne-kilometres,Pipelines: crude oil,Freight transport,16207.0
2013,Million tonne-kilometres,Pipelines: crude oil,Freight transport,18180.0
2014,Million tonne-kilometres,Pipelines: crude oil,Freight transport,17541.0
2015,Million tonne-kilometres,Pipelines: crude oil,Freight transport,17714.0
2016,Million tonne-kilometres,Pipelines: crude oil,Freight transport,18761.0
2017,Million tonne-kilometres,Pipelines: crude oil,Freight transport,18239.0
2018,Million tonne-kilometres,Pipelines: crude oil,Freight transport,17234.0
2019,Million tonne-kilometres,Pipelines: crude oil,Freight transport,17649.0
2020,Million tonne-kilometres,Pipelines: crude oil,Freight transport,16686.0
2021,Million tonne-kilometres,Pipelines: crude oil,Freight transport,15738.0
