Year,Units,Zeitreihe,Darstellung,COMMENT_OBS_0,COMMENT_OBS_1,COMMENT_OBS_2,Value
2010,Keine Einheit,Verhältnis der Flächennutzungsrate zur Bevölkerungsentwicklung,Jährliche Werte,x,,,
2011,Keine Einheit,Verhältnis der Flächennutzungsrate zur Bevölkerungsentwicklung,Jährliche Werte,,,,6.845
2012,Keine Einheit,Verhältnis der Flächennutzungsrate zur Bevölkerungsentwicklung,Jährliche Werte,,,,2.01
2013,Keine Einheit,Verhältnis der Flächennutzungsrate zur Bevölkerungsentwicklung,Jährliche Werte,,,,1.565
2014,Keine Einheit,Verhältnis der Flächennutzungsrate zur Bevölkerungsentwicklung,Jährliche Werte,,,,1.153
2015,Keine Einheit,Verhältnis der Flächennutzungsrate zur Bevölkerungsentwicklung,Jährliche Werte,,,,0.293
2016,Keine Einheit,Verhältnis der Flächennutzungsrate zur Bevölkerungsentwicklung,Jährliche Werte,|,,,0.91
2017,Keine Einheit,Verhältnis der Flächennutzungsrate zur Bevölkerungsentwicklung,Jährliche Werte,,,,1.553
2018,Keine Einheit,Verhältnis der Flächennutzungsrate zur Bevölkerungsentwicklung,Jährliche Werte,,,,2.317
2019,Keine Einheit,Verhältnis der Flächennutzungsrate zur Bevölkerungsentwicklung,Jährliche Werte,,,,1.859
2020,Keine Einheit,Verhältnis der Flächennutzungsrate zur Bevölkerungsentwicklung,Jährliche Werte,x,,,
2021,Keine Einheit,Verhältnis der Flächennutzungsrate zur Bevölkerungsentwicklung,Jährliche Werte,,,,4.248
2022,Keine Einheit,Verhältnis der Flächennutzungsrate zur Bevölkerungsentwicklung,Jährliche Werte,x,r,,
2023,Keine Einheit,Verhältnis der Flächennutzungsrate zur Bevölkerungsentwicklung,Jährliche Werte,r,,,1.099
2024,Keine Einheit,Verhältnis der Flächennutzungsrate zur Bevölkerungsentwicklung,Jährliche Werte,…,,,
2010,2015 = 100,Verhältnis der Siedlungs- und Verkehrsfläche zur Bevölkerung,Jährliche Werte,,,,99.587
2011,2015 = 100,Verhältnis der Siedlungs- und Verkehrsfläche zur Bevölkerung,Jährliche Werte,,,,100.353
2012,2015 = 100,Verhältnis der Siedlungs- und Verkehrsfläche zur Bevölkerung,Jährliche Werte,,,,100.599
2013,2015 = 100,Verhältnis der Siedlungs- und Verkehrsfläche zur Bevölkerung,Jährliche Werte,,,,100.77
2014,2015 = 100,Verhältnis der Siedlungs- und Verkehrsfläche zur Bevölkerung,Jährliche Werte,,,,100.85
2015,2015 = 100,Verhältnis der Siedlungs- und Verkehrsfläche zur Bevölkerung,Jährliche Werte,,,,100.0
2016,2015 = 100,Verhältnis der Siedlungs- und Verkehrsfläche zur Bevölkerung,Jährliche Werte,|,,,99.962
2017,2015 = 100,Verhältnis der Siedlungs- und Verkehrsfläche zur Bevölkerung,Jährliche Werte,,,,100.142
2018,2015 = 100,Verhältnis der Siedlungs- und Verkehrsfläche zur Bevölkerung,Jährliche Werte,,,,100.501
2019,2015 = 100,Verhältnis der Siedlungs- und Verkehrsfläche zur Bevölkerung,Jährliche Werte,,,,100.654
2020,2015 = 100,Verhältnis der Siedlungs- und Verkehrsfläche zur Bevölkerung,Jährliche Werte,,,,101.097
2021,2015 = 100,Verhältnis der Siedlungs- und Verkehrsfläche zur Bevölkerung,Jährliche Werte,,,,101.42
2022,2015 = 100,Verhältnis der Siedlungs- und Verkehrsfläche zur Bevölkerung,Jährliche Werte,r,,,101.881
2023,2015 = 100,Verhältnis der Siedlungs- und Verkehrsfläche zur Bevölkerung,Jährliche Werte,r,,,101.921
2024,2015 = 100,Verhältnis der Siedlungs- und Verkehrsfläche zur Bevölkerung,Jährliche Werte,…,,,
2010,Prozent,Flächennutzungssrate,Jährliche Werte,,,,0.591
2011,Prozent,Flächennutzungssrate,Jährliche Werte,,,,0.902
2012,Prozent,Flächennutzungssrate,Jährliche Werte,,,,0.489
2013,Prozent,Flächennutzungssrate,Jährliche Werte,,,,0.473
2014,Prozent,Flächennutzungssrate,Jährliche Werte,,,,0.612
2015,Prozent,Flächennutzungssrate,Jährliche Werte,r,,,0.351
2016,Prozent,Flächennutzungssrate,Jährliche Werte,|,,,0.382
2017,Prozent,Flächennutzungssrate,Jährliche Werte,,,,0.509
2018,Prozent,Flächennutzungssrate,Jährliche Werte,,,,0.634
2019,Prozent,Flächennutzungssrate,Jährliche Werte,,,,0.33
2020,Prozent,Flächennutzungssrate,Jährliche Werte,,,,0.426
2021,Prozent,Flächennutzungssrate,Jährliche Werte,,,,0.419
2022,Prozent,Flächennutzungssrate,Jährliche Werte,,,,0.312
2023,Prozent,Flächennutzungssrate,Jährliche Werte,,,,0.445
2024,Prozent,Flächennutzungssrate,Jährliche Werte,…,,,
2010,Prozent,Bevölkerungsentwicklung,Jährliche Werte,,,,-0.154
2011,Prozent,Bevölkerungsentwicklung,Jährliche Werte,,,,0.132
2012,Prozent,Bevölkerungsentwicklung,Jährliche Werte,,,,0.244
2013,Prozent,Bevölkerungsentwicklung,Jährliche Werte,,,,0.302
2014,Prozent,Bevölkerungsentwicklung,Jährliche Werte,,,,0.531
2015,Prozent,Bevölkerungsentwicklung,Jährliche Werte,,,,1.197
2016,Prozent,Bevölkerungsentwicklung,Jährliche Werte,|,,,0.42
2017,Prozent,Bevölkerungsentwicklung,Jährliche Werte,,,,0.327
2018,Prozent,Bevölkerungsentwicklung,Jährliche Werte,,,,0.274
2019,Prozent,Bevölkerungsentwicklung,Jährliche Werte,,,,0.178
2020,Prozent,Bevölkerungsentwicklung,Jährliche Werte,,,,-0.014
2021,Prozent,Bevölkerungsentwicklung,Jährliche Werte,,,,0.099
2022,Prozent,Bevölkerungsentwicklung,Jährliche Werte,r,,,-0.143
2023,Prozent,Bevölkerungsentwicklung,Jährliche Werte,r,,,0.405
2024,Prozent,Bevölkerungsentwicklung,Jährliche Werte,,,,0.145
2010,Keine Einheit,Verhältnis der Flächennutzungsrate zur Bevölkerungsentwicklung,Gleitender Vierjahresdurchschnitt,,,,
2011,Keine Einheit,Verhältnis der Flächennutzungsrate zur Bevölkerungsentwicklung,Gleitender Vierjahresdurchschnitt,,,,
2012,Keine Einheit,Verhältnis der Flächennutzungsrate zur Bevölkerungsentwicklung,Gleitender Vierjahresdurchschnitt,,,,
2013,Keine Einheit,Verhältnis der Flächennutzungsrate zur Bevölkerungsentwicklung,Gleitender Vierjahresdurchschnitt,,,,4.691
2014,Keine Einheit,Verhältnis der Flächennutzungsrate zur Bevölkerungsentwicklung,Gleitender Vierjahresdurchschnitt,,,,2.046
2015,Keine Einheit,Verhältnis der Flächennutzungsrate zur Bevölkerungsentwicklung,Gleitender Vierjahresdurchschnitt,,,,0.844
2016,Keine Einheit,Verhältnis der Flächennutzungsrate zur Bevölkerungsentwicklung,Gleitender Vierjahresdurchschnitt,|,,,0.74
2017,Keine Einheit,Verhältnis der Flächennutzungsrate zur Bevölkerungsentwicklung,Gleitender Vierjahresdurchschnitt,,,,0.747
2018,Keine Einheit,Verhältnis der Flächennutzungsrate zur Bevölkerungsentwicklung,Gleitender Vierjahresdurchschnitt,,,,0.843
2019,Keine Einheit,Verhältnis der Flächennutzungsrate zur Bevölkerungsentwicklung,Gleitender Vierjahresdurchschnitt,,,,1.545
2020,Keine Einheit,Verhältnis der Flächennutzungsrate zur Bevölkerungsentwicklung,Gleitender Vierjahresdurchschnitt,,,,2.48
2021,Keine Einheit,Verhältnis der Flächennutzungsrate zur Bevölkerungsentwicklung,Gleitender Vierjahresdurchschnitt,,,,3.373
2022,Keine Einheit,Verhältnis der Flächennutzungsrate zur Bevölkerungsentwicklung,Gleitender Vierjahresdurchschnitt,r,,,12.432
2023,Keine Einheit,Verhältnis der Flächennutzungsrate zur Bevölkerungsentwicklung,Gleitender Vierjahresdurchschnitt,r,,,4.61
2024,Keine Einheit,Verhältnis der Flächennutzungsrate zur Bevölkerungsentwicklung,Gleitender Vierjahresdurchschnitt,…,,,
2010,2015 = 100,Verhältnis der Siedlungs- und Verkehrsfläche zur Bevölkerung,Gleitender Vierjahresdurchschnitt,,,,
2011,2015 = 100,Verhältnis der Siedlungs- und Verkehrsfläche zur Bevölkerung,Gleitender Vierjahresdurchschnitt,,,,98.632
2012,2015 = 100,Verhältnis der Siedlungs- und Verkehrsfläche zur Bevölkerung,Gleitender Vierjahresdurchschnitt,,,,99.299
2013,2015 = 100,Verhältnis der Siedlungs- und Verkehrsfläche zur Bevölkerung,Gleitender Vierjahresdurchschnitt,,,,99.777
2014,2015 = 100,Verhältnis der Siedlungs- und Verkehrsfläche zur Bevölkerung,Gleitender Vierjahresdurchschnitt,,,,100.091
2015,2015 = 100,Verhältnis der Siedlungs- und Verkehrsfläche zur Bevölkerung,Gleitender Vierjahresdurchschnitt,,,,100.0
2016,2015 = 100,Verhältnis der Siedlungs- und Verkehrsfläche zur Bevölkerung,Gleitender Vierjahresdurchschnitt,|,,,99.84
2017,2015 = 100,Verhältnis der Siedlungs- und Verkehrsfläche zur Bevölkerung,Gleitender Vierjahresdurchschnitt,,,,99.685
2018,2015 = 100,Verhältnis der Siedlungs- und Verkehrsfläche zur Bevölkerung,Gleitender Vierjahresdurchschnitt,,,,99.601
2019,2015 = 100,Verhältnis der Siedlungs- und Verkehrsfläche zur Bevölkerung,Gleitender Vierjahresdurchschnitt,,,,99.764
2020,2015 = 100,Verhältnis der Siedlungs- und Verkehrsfläche zur Bevölkerung,Gleitender Vierjahresdurchschnitt,,,,100.046
2021,2015 = 100,Verhältnis der Siedlungs- und Verkehrsfläche zur Bevölkerung,Gleitender Vierjahresdurchschnitt,,,,100.363
2022,2015 = 100,Verhältnis der Siedlungs- und Verkehrsfläche zur Bevölkerung,Gleitender Vierjahresdurchschnitt,r,,,100.706
2023,2015 = 100,Verhältnis der Siedlungs- und Verkehrsfläche zur Bevölkerung,Gleitender Vierjahresdurchschnitt,r,,,101.021
2024,2015 = 100,Verhältnis der Siedlungs- und Verkehrsfläche zur Bevölkerung,Gleitender Vierjahresdurchschnitt,…,,,
2010,Prozent,Flächennutzungssrate,Gleitender Vierjahresdurchschnitt,,,,
2011,Prozent,Flächennutzungssrate,Gleitender Vierjahresdurchschnitt,,,,
2012,Prozent,Flächennutzungssrate,Gleitender Vierjahresdurchschnitt,,,,0.647
2013,Prozent,Flächennutzungssrate,Gleitender Vierjahresdurchschnitt,,,,0.614
2014,Prozent,Flächennutzungssrate,Gleitender Vierjahresdurchschnitt,,,,0.619
2015,Prozent,Flächennutzungssrate,Gleitender Vierjahresdurchschnitt,,,,0.482
2016,Prozent,Flächennutzungssrate,Gleitender Vierjahresdurchschnitt,|,,,0.455
2017,Prozent,Flächennutzungssrate,Gleitender Vierjahresdurchschnitt,,,,0.464
2018,Prozent,Flächennutzungssrate,Gleitender Vierjahresdurchschnitt,,,,0.469
2019,Prozent,Flächennutzungssrate,Gleitender Vierjahresdurchschnitt,,,,0.464
2020,Prozent,Flächennutzungssrate,Gleitender Vierjahresdurchschnitt,,,,0.474
2021,Prozent,Flächennutzungssrate,Gleitender Vierjahresdurchschnitt,,,,0.452
2022,Prozent,Flächennutzungssrate,Gleitender Vierjahresdurchschnitt,,,,0.372
2023,Prozent,Flächennutzungssrate,Gleitender Vierjahresdurchschnitt,,,,0.4
2024,Prozent,Flächennutzungssrate,Gleitender Vierjahresdurchschnitt,…,,,
2010,Prozent,Bevölkerungsentwicklung,Gleitender Vierjahresdurchschnitt,.,,,
2011,Prozent,Bevölkerungsentwicklung,Gleitender Vierjahresdurchschnitt,.,,,
2012,Prozent,Bevölkerungsentwicklung,Gleitender Vierjahresdurchschnitt,,,,-0.03
2013,Prozent,Bevölkerungsentwicklung,Gleitender Vierjahresdurchschnitt,,,,0.131
2014,Prozent,Bevölkerungsentwicklung,Gleitender Vierjahresdurchschnitt,,,,0.303
2015,Prozent,Bevölkerungsentwicklung,Gleitender Vierjahresdurchschnitt,,,,0.57
2016,Prozent,Bevölkerungsentwicklung,Gleitender Vierjahresdurchschnitt,|,,,0.615
2017,Prozent,Bevölkerungsentwicklung,Gleitender Vierjahresdurchschnitt,,,,0.621
2018,Prozent,Bevölkerungsentwicklung,Gleitender Vierjahresdurchschnitt,,,,0.556
2019,Prozent,Bevölkerungsentwicklung,Gleitender Vierjahresdurchschnitt,,,,0.3
2020,Prozent,Bevölkerungsentwicklung,Gleitender Vierjahresdurchschnitt,,,,0.191
2021,Prozent,Bevölkerungsentwicklung,Gleitender Vierjahresdurchschnitt,,,,0.134
2022,Prozent,Bevölkerungsentwicklung,Gleitender Vierjahresdurchschnitt,r,,,0.03
2023,Prozent,Bevölkerungsentwicklung,Gleitender Vierjahresdurchschnitt,r,,,0.087
2024,Prozent,Bevölkerungsentwicklung,Gleitender Vierjahresdurchschnitt,,,,0.127
