Year,Units,Feinstaub,Series,Value
2010,Mikrogramm pro m³,pm₁₀,Bevölkerungsgewichtete Jahresmittelwerte von Feinstaub,19.6
2011,Mikrogramm pro m³,pm₁₀,Bevölkerungsgewichtete Jahresmittelwerte von Feinstaub,19.5
2012,Mikrogramm pro m³,pm₁₀,Bevölkerungsgewichtete Jahresmittelwerte von Feinstaub,17.0
2013,Mikrogramm pro m³,pm₁₀,Bevölkerungsgewichtete Jahresmittelwerte von Feinstaub,17.6
2014,Mikrogramm pro m³,pm₁₀,Bevölkerungsgewichtete Jahresmittelwerte von Feinstaub,17.1
2015,Mikrogramm pro m³,pm₁₀,Bevölkerungsgewichtete Jahresmittelwerte von Feinstaub,15.9
2016,Mikrogramm pro m³,pm₁₀,Bevölkerungsgewichtete Jahresmittelwerte von Feinstaub,15.4
2017,Mikrogramm pro m³,pm₁₀,Bevölkerungsgewichtete Jahresmittelwerte von Feinstaub,15.3
2018,Mikrogramm pro m³,pm₁₀,Bevölkerungsgewichtete Jahresmittelwerte von Feinstaub,15.4
2019,Mikrogramm pro m³,pm₁₀,Bevölkerungsgewichtete Jahresmittelwerte von Feinstaub,13.2
2020,Mikrogramm pro m³,pm₁₀,Bevölkerungsgewichtete Jahresmittelwerte von Feinstaub,12.3
2010,Mikrogramm pro m³,"PM₂,₅",Bevölkerungsgewichtete Jahresmittelwerte von Feinstaub,13.7
2011,Mikrogramm pro m³,"PM₂,₅",Bevölkerungsgewichtete Jahresmittelwerte von Feinstaub,13.6
2012,Mikrogramm pro m³,"PM₂,₅",Bevölkerungsgewichtete Jahresmittelwerte von Feinstaub,11.9
2013,Mikrogramm pro m³,"PM₂,₅",Bevölkerungsgewichtete Jahresmittelwerte von Feinstaub,12.3
2014,Mikrogramm pro m³,"PM₂,₅",Bevölkerungsgewichtete Jahresmittelwerte von Feinstaub,12.0
2015,Mikrogramm pro m³,"PM₂,₅",Bevölkerungsgewichtete Jahresmittelwerte von Feinstaub,11.1
2016,Mikrogramm pro m³,"PM₂,₅",Bevölkerungsgewichtete Jahresmittelwerte von Feinstaub,10.8
2017,Mikrogramm pro m³,"PM₂,₅",Bevölkerungsgewichtete Jahresmittelwerte von Feinstaub,10.7
2018,Mikrogramm pro m³,"PM₂,₅",Bevölkerungsgewichtete Jahresmittelwerte von Feinstaub,10.8
2019,Mikrogramm pro m³,"PM₂,₅",Bevölkerungsgewichtete Jahresmittelwerte von Feinstaub,9.3
2020,Mikrogramm pro m³,"PM₂,₅",Bevölkerungsgewichtete Jahresmittelwerte von Feinstaub,8.6
2010,Millionen Einwohner/ -innen,"PM₂,₅",Bevölkerung mit erhöhter Feinstaubexposition,76.9
2011,Millionen Einwohner/ -innen,"PM₂,₅",Bevölkerung mit erhöhter Feinstaubexposition,75.8
2012,Millionen Einwohner/ -innen,"PM₂,₅",Bevölkerung mit erhöhter Feinstaubexposition,64.9
2013,Millionen Einwohner/ -innen,"PM₂,₅",Bevölkerung mit erhöhter Feinstaubexposition,71.5
2014,Millionen Einwohner/ -innen,"PM₂,₅",Bevölkerung mit erhöhter Feinstaubexposition,65.0
2015,Millionen Einwohner/ -innen,"PM₂,₅",Bevölkerung mit erhöhter Feinstaubexposition,59.3
2016,Millionen Einwohner/ -innen,"PM₂,₅",Bevölkerung mit erhöhter Feinstaubexposition,55.1
2017,Millionen Einwohner/ -innen,"PM₂,₅",Bevölkerung mit erhöhter Feinstaubexposition,54.0
2018,Millionen Einwohner/ -innen,"PM₂,₅",Bevölkerung mit erhöhter Feinstaubexposition,53.9
2019,Millionen Einwohner/ -innen,"PM₂,₅",Bevölkerung mit erhöhter Feinstaubexposition,25.3
2020,Millionen Einwohner/ -innen,"PM₂,₅",Bevölkerung mit erhöhter Feinstaubexposition,14.7
2010,Millionen Einwohner/ -innen,pm₁₀,Bevölkerung mit erhöhter Feinstaubexposition,34.61
2011,Millionen Einwohner/ -innen,pm₁₀,Bevölkerung mit erhöhter Feinstaubexposition,36.37
2012,Millionen Einwohner/ -innen,pm₁₀,Bevölkerung mit erhöhter Feinstaubexposition,12.51
2013,Millionen Einwohner/ -innen,pm₁₀,Bevölkerung mit erhöhter Feinstaubexposition,17.18
2014,Millionen Einwohner/ -innen,pm₁₀,Bevölkerung mit erhöhter Feinstaubexposition,11.9
2015,Millionen Einwohner/ -innen,pm₁₀,Bevölkerung mit erhöhter Feinstaubexposition,4.99
2016,Millionen Einwohner/ -innen,pm₁₀,Bevölkerung mit erhöhter Feinstaubexposition,3.84
2017,Millionen Einwohner/ -innen,pm₁₀,Bevölkerung mit erhöhter Feinstaubexposition,2.54
2018,Millionen Einwohner/ -innen,pm₁₀,Bevölkerung mit erhöhter Feinstaubexposition,2.9
2019,Millionen Einwohner/ -innen,pm₁₀,Bevölkerung mit erhöhter Feinstaubexposition,0.2
2020,Millionen Einwohner/ -innen,pm₁₀,Bevölkerung mit erhöhter Feinstaubexposition,0.04
