Year,Zeitreihe,Value
2010,Organisationen mit Umweltmanagement und Registrierung bei der Umweltprüfung (EMAS),1332
2011,Organisationen mit Umweltmanagement und Registrierung bei der Umweltprüfung (EMAS),1269
2012,Organisationen mit Umweltmanagement und Registrierung bei der Umweltprüfung (EMAS),1212
2013,Organisationen mit Umweltmanagement und Registrierung bei der Umweltprüfung (EMAS),1228
2014,Organisationen mit Umweltmanagement und Registrierung bei der Umweltprüfung (EMAS),1223
2015,Organisationen mit Umweltmanagement und Registrierung bei der Umweltprüfung (EMAS),1216
2016,Organisationen mit Umweltmanagement und Registrierung bei der Umweltprüfung (EMAS),1225
2017,Organisationen mit Umweltmanagement und Registrierung bei der Umweltprüfung (EMAS),1240
2018,Organisationen mit Umweltmanagement und Registrierung bei der Umweltprüfung (EMAS),1183
