Year,Zeitreihe,Rechtsvorschrift,Value
2010,"(1) (a) Nationale Rechtsvorschriften, die als relevant für die Verhinderung der Einschleppung invasiver gebietsfremder Arten und deren Bekämpfung angesehen werden",Übereinkommen über die biologische Vielfalt,1
2011,"(1) (a) Nationale Rechtsvorschriften, die als relevant für die Verhinderung der Einschleppung invasiver gebietsfremder Arten und deren Bekämpfung angesehen werden",Übereinkommen über die biologische Vielfalt,1
2012,"(1) (a) Nationale Rechtsvorschriften, die als relevant für die Verhinderung der Einschleppung invasiver gebietsfremder Arten und deren Bekämpfung angesehen werden",Übereinkommen über die biologische Vielfalt,1
2013,"(1) (a) Nationale Rechtsvorschriften, die als relevant für die Verhinderung der Einschleppung invasiver gebietsfremder Arten und deren Bekämpfung angesehen werden",Übereinkommen über die biologische Vielfalt,1
2014,"(1) (a) Nationale Rechtsvorschriften, die als relevant für die Verhinderung der Einschleppung invasiver gebietsfremder Arten und deren Bekämpfung angesehen werden",Übereinkommen über die biologische Vielfalt,1
2015,"(1) (a) Nationale Rechtsvorschriften, die als relevant für die Verhinderung der Einschleppung invasiver gebietsfremder Arten und deren Bekämpfung angesehen werden",Übereinkommen über die biologische Vielfalt,1
2016,"(1) (a) Nationale Rechtsvorschriften, die als relevant für die Verhinderung der Einschleppung invasiver gebietsfremder Arten und deren Bekämpfung angesehen werden",Übereinkommen über die biologische Vielfalt,1
2017,"(1) (a) Nationale Rechtsvorschriften, die als relevant für die Verhinderung der Einschleppung invasiver gebietsfremder Arten und deren Bekämpfung angesehen werden",Übereinkommen über die biologische Vielfalt,1
2018,"(1) (a) Nationale Rechtsvorschriften, die als relevant für die Verhinderung der Einschleppung invasiver gebietsfremder Arten und deren Bekämpfung angesehen werden",Übereinkommen über die biologische Vielfalt,1
2019,"(1) (a) Nationale Rechtsvorschriften, die als relevant für die Verhinderung der Einschleppung invasiver gebietsfremder Arten und deren Bekämpfung angesehen werden",Übereinkommen über die biologische Vielfalt,1
2020,"(1) (a) Nationale Rechtsvorschriften, die als relevant für die Verhinderung der Einschleppung invasiver gebietsfremder Arten und deren Bekämpfung angesehen werden",Übereinkommen über die biologische Vielfalt,1
2021,"(1) (a) Nationale Rechtsvorschriften, die als relevant für die Verhinderung der Einschleppung invasiver gebietsfremder Arten und deren Bekämpfung angesehen werden",Übereinkommen über die biologische Vielfalt,1
2010,"(1) (a) Nationale Rechtsvorschriften, die als relevant für die Verhinderung der Einschleppung invasiver gebietsfremder Arten und deren Bekämpfung angesehen werden",Cartagena-Protokoll,1
2011,"(1) (a) Nationale Rechtsvorschriften, die als relevant für die Verhinderung der Einschleppung invasiver gebietsfremder Arten und deren Bekämpfung angesehen werden",Cartagena-Protokoll,1
2012,"(1) (a) Nationale Rechtsvorschriften, die als relevant für die Verhinderung der Einschleppung invasiver gebietsfremder Arten und deren Bekämpfung angesehen werden",Cartagena-Protokoll,1
2013,"(1) (a) Nationale Rechtsvorschriften, die als relevant für die Verhinderung der Einschleppung invasiver gebietsfremder Arten und deren Bekämpfung angesehen werden",Cartagena-Protokoll,1
2014,"(1) (a) Nationale Rechtsvorschriften, die als relevant für die Verhinderung der Einschleppung invasiver gebietsfremder Arten und deren Bekämpfung angesehen werden",Cartagena-Protokoll,1
2015,"(1) (a) Nationale Rechtsvorschriften, die als relevant für die Verhinderung der Einschleppung invasiver gebietsfremder Arten und deren Bekämpfung angesehen werden",Cartagena-Protokoll,1
2016,"(1) (a) Nationale Rechtsvorschriften, die als relevant für die Verhinderung der Einschleppung invasiver gebietsfremder Arten und deren Bekämpfung angesehen werden",Cartagena-Protokoll,1
2017,"(1) (a) Nationale Rechtsvorschriften, die als relevant für die Verhinderung der Einschleppung invasiver gebietsfremder Arten und deren Bekämpfung angesehen werden",Cartagena-Protokoll,1
2018,"(1) (a) Nationale Rechtsvorschriften, die als relevant für die Verhinderung der Einschleppung invasiver gebietsfremder Arten und deren Bekämpfung angesehen werden",Cartagena-Protokoll,1
2019,"(1) (a) Nationale Rechtsvorschriften, die als relevant für die Verhinderung der Einschleppung invasiver gebietsfremder Arten und deren Bekämpfung angesehen werden",Cartagena-Protokoll,1
2020,"(1) (a) Nationale Rechtsvorschriften, die als relevant für die Verhinderung der Einschleppung invasiver gebietsfremder Arten und deren Bekämpfung angesehen werden",Cartagena-Protokoll,1
2021,"(1) (a) Nationale Rechtsvorschriften, die als relevant für die Verhinderung der Einschleppung invasiver gebietsfremder Arten und deren Bekämpfung angesehen werden",Cartagena-Protokoll,1
2010,"(1) (a) Nationale Rechtsvorschriften, die als relevant für die Verhinderung der Einschleppung invasiver gebietsfremder Arten und deren Bekämpfung angesehen werden",Internationales Pflanzenschutzübereinkommen,1
2011,"(1) (a) Nationale Rechtsvorschriften, die als relevant für die Verhinderung der Einschleppung invasiver gebietsfremder Arten und deren Bekämpfung angesehen werden",Internationales Pflanzenschutzübereinkommen,1
2012,"(1) (a) Nationale Rechtsvorschriften, die als relevant für die Verhinderung der Einschleppung invasiver gebietsfremder Arten und deren Bekämpfung angesehen werden",Internationales Pflanzenschutzübereinkommen,1
2013,"(1) (a) Nationale Rechtsvorschriften, die als relevant für die Verhinderung der Einschleppung invasiver gebietsfremder Arten und deren Bekämpfung angesehen werden",Internationales Pflanzenschutzübereinkommen,1
2014,"(1) (a) Nationale Rechtsvorschriften, die als relevant für die Verhinderung der Einschleppung invasiver gebietsfremder Arten und deren Bekämpfung angesehen werden",Internationales Pflanzenschutzübereinkommen,1
2015,"(1) (a) Nationale Rechtsvorschriften, die als relevant für die Verhinderung der Einschleppung invasiver gebietsfremder Arten und deren Bekämpfung angesehen werden",Internationales Pflanzenschutzübereinkommen,1
2016,"(1) (a) Nationale Rechtsvorschriften, die als relevant für die Verhinderung der Einschleppung invasiver gebietsfremder Arten und deren Bekämpfung angesehen werden",Internationales Pflanzenschutzübereinkommen,1
2017,"(1) (a) Nationale Rechtsvorschriften, die als relevant für die Verhinderung der Einschleppung invasiver gebietsfremder Arten und deren Bekämpfung angesehen werden",Internationales Pflanzenschutzübereinkommen,1
2018,"(1) (a) Nationale Rechtsvorschriften, die als relevant für die Verhinderung der Einschleppung invasiver gebietsfremder Arten und deren Bekämpfung angesehen werden",Internationales Pflanzenschutzübereinkommen,1
2019,"(1) (a) Nationale Rechtsvorschriften, die als relevant für die Verhinderung der Einschleppung invasiver gebietsfremder Arten und deren Bekämpfung angesehen werden",Internationales Pflanzenschutzübereinkommen,1
2020,"(1) (a) Nationale Rechtsvorschriften, die als relevant für die Verhinderung der Einschleppung invasiver gebietsfremder Arten und deren Bekämpfung angesehen werden",Internationales Pflanzenschutzübereinkommen,1
2021,"(1) (a) Nationale Rechtsvorschriften, die als relevant für die Verhinderung der Einschleppung invasiver gebietsfremder Arten und deren Bekämpfung angesehen werden",Internationales Pflanzenschutzübereinkommen,1
2010,"(1) (a) Nationale Rechtsvorschriften, die als relevant für die Verhinderung der Einschleppung invasiver gebietsfremder Arten und deren Bekämpfung angesehen werden",Übereinkommen über gesundheitspolizeiliche und pflanzenschutzrechtliche Maßnahmen der Welthandelsorganisation,1
2011,"(1) (a) Nationale Rechtsvorschriften, die als relevant für die Verhinderung der Einschleppung invasiver gebietsfremder Arten und deren Bekämpfung angesehen werden",Übereinkommen über gesundheitspolizeiliche und pflanzenschutzrechtliche Maßnahmen der Welthandelsorganisation,1
2012,"(1) (a) Nationale Rechtsvorschriften, die als relevant für die Verhinderung der Einschleppung invasiver gebietsfremder Arten und deren Bekämpfung angesehen werden",Übereinkommen über gesundheitspolizeiliche und pflanzenschutzrechtliche Maßnahmen der Welthandelsorganisation,1
2013,"(1) (a) Nationale Rechtsvorschriften, die als relevant für die Verhinderung der Einschleppung invasiver gebietsfremder Arten und deren Bekämpfung angesehen werden",Übereinkommen über gesundheitspolizeiliche und pflanzenschutzrechtliche Maßnahmen der Welthandelsorganisation,1
2014,"(1) (a) Nationale Rechtsvorschriften, die als relevant für die Verhinderung der Einschleppung invasiver gebietsfremder Arten und deren Bekämpfung angesehen werden",Übereinkommen über gesundheitspolizeiliche und pflanzenschutzrechtliche Maßnahmen der Welthandelsorganisation,1
2015,"(1) (a) Nationale Rechtsvorschriften, die als relevant für die Verhinderung der Einschleppung invasiver gebietsfremder Arten und deren Bekämpfung angesehen werden",Übereinkommen über gesundheitspolizeiliche und pflanzenschutzrechtliche Maßnahmen der Welthandelsorganisation,1
2016,"(1) (a) Nationale Rechtsvorschriften, die als relevant für die Verhinderung der Einschleppung invasiver gebietsfremder Arten und deren Bekämpfung angesehen werden",Übereinkommen über gesundheitspolizeiliche und pflanzenschutzrechtliche Maßnahmen der Welthandelsorganisation,1
2017,"(1) (a) Nationale Rechtsvorschriften, die als relevant für die Verhinderung der Einschleppung invasiver gebietsfremder Arten und deren Bekämpfung angesehen werden",Übereinkommen über gesundheitspolizeiliche und pflanzenschutzrechtliche Maßnahmen der Welthandelsorganisation,1
2018,"(1) (a) Nationale Rechtsvorschriften, die als relevant für die Verhinderung der Einschleppung invasiver gebietsfremder Arten und deren Bekämpfung angesehen werden",Übereinkommen über gesundheitspolizeiliche und pflanzenschutzrechtliche Maßnahmen der Welthandelsorganisation,1
2019,"(1) (a) Nationale Rechtsvorschriften, die als relevant für die Verhinderung der Einschleppung invasiver gebietsfremder Arten und deren Bekämpfung angesehen werden",Übereinkommen über gesundheitspolizeiliche und pflanzenschutzrechtliche Maßnahmen der Welthandelsorganisation,1
2020,"(1) (a) Nationale Rechtsvorschriften, die als relevant für die Verhinderung der Einschleppung invasiver gebietsfremder Arten und deren Bekämpfung angesehen werden",Übereinkommen über gesundheitspolizeiliche und pflanzenschutzrechtliche Maßnahmen der Welthandelsorganisation,1
2021,"(1) (a) Nationale Rechtsvorschriften, die als relevant für die Verhinderung der Einschleppung invasiver gebietsfremder Arten und deren Bekämpfung angesehen werden",Übereinkommen über gesundheitspolizeiliche und pflanzenschutzrechtliche Maßnahmen der Welthandelsorganisation,1
2010,"(1) (a) Nationale Rechtsvorschriften, die als relevant für die Verhinderung der Einschleppung invasiver gebietsfremder Arten und deren Bekämpfung angesehen werden",Weltorganisation für Tiergesundheit,1
2011,"(1) (a) Nationale Rechtsvorschriften, die als relevant für die Verhinderung der Einschleppung invasiver gebietsfremder Arten und deren Bekämpfung angesehen werden",Weltorganisation für Tiergesundheit,1
2012,"(1) (a) Nationale Rechtsvorschriften, die als relevant für die Verhinderung der Einschleppung invasiver gebietsfremder Arten und deren Bekämpfung angesehen werden",Weltorganisation für Tiergesundheit,1
2013,"(1) (a) Nationale Rechtsvorschriften, die als relevant für die Verhinderung der Einschleppung invasiver gebietsfremder Arten und deren Bekämpfung angesehen werden",Weltorganisation für Tiergesundheit,1
2014,"(1) (a) Nationale Rechtsvorschriften, die als relevant für die Verhinderung der Einschleppung invasiver gebietsfremder Arten und deren Bekämpfung angesehen werden",Weltorganisation für Tiergesundheit,1
2015,"(1) (a) Nationale Rechtsvorschriften, die als relevant für die Verhinderung der Einschleppung invasiver gebietsfremder Arten und deren Bekämpfung angesehen werden",Weltorganisation für Tiergesundheit,1
2016,"(1) (a) Nationale Rechtsvorschriften, die als relevant für die Verhinderung der Einschleppung invasiver gebietsfremder Arten und deren Bekämpfung angesehen werden",Weltorganisation für Tiergesundheit,1
2017,"(1) (a) Nationale Rechtsvorschriften, die als relevant für die Verhinderung der Einschleppung invasiver gebietsfremder Arten und deren Bekämpfung angesehen werden",Weltorganisation für Tiergesundheit,1
2018,"(1) (a) Nationale Rechtsvorschriften, die als relevant für die Verhinderung der Einschleppung invasiver gebietsfremder Arten und deren Bekämpfung angesehen werden",Weltorganisation für Tiergesundheit,1
2019,"(1) (a) Nationale Rechtsvorschriften, die als relevant für die Verhinderung der Einschleppung invasiver gebietsfremder Arten und deren Bekämpfung angesehen werden",Weltorganisation für Tiergesundheit,1
2020,"(1) (a) Nationale Rechtsvorschriften, die als relevant für die Verhinderung der Einschleppung invasiver gebietsfremder Arten und deren Bekämpfung angesehen werden",Weltorganisation für Tiergesundheit,1
2021,"(1) (a) Nationale Rechtsvorschriften, die als relevant für die Verhinderung der Einschleppung invasiver gebietsfremder Arten und deren Bekämpfung angesehen werden",Weltorganisation für Tiergesundheit,1
2010,"(1) (a) Nationale Rechtsvorschriften, die als relevant für die Verhinderung der Einschleppung invasiver gebietsfremder Arten und deren Bekämpfung angesehen werden",Übereinkommen über den internationalen Handel mit gefährdeten Arten freilebender Tiere und Pflanzen,1
2011,"(1) (a) Nationale Rechtsvorschriften, die als relevant für die Verhinderung der Einschleppung invasiver gebietsfremder Arten und deren Bekämpfung angesehen werden",Übereinkommen über den internationalen Handel mit gefährdeten Arten freilebender Tiere und Pflanzen,1
2012,"(1) (a) Nationale Rechtsvorschriften, die als relevant für die Verhinderung der Einschleppung invasiver gebietsfremder Arten und deren Bekämpfung angesehen werden",Übereinkommen über den internationalen Handel mit gefährdeten Arten freilebender Tiere und Pflanzen,1
2013,"(1) (a) Nationale Rechtsvorschriften, die als relevant für die Verhinderung der Einschleppung invasiver gebietsfremder Arten und deren Bekämpfung angesehen werden",Übereinkommen über den internationalen Handel mit gefährdeten Arten freilebender Tiere und Pflanzen,1
2014,"(1) (a) Nationale Rechtsvorschriften, die als relevant für die Verhinderung der Einschleppung invasiver gebietsfremder Arten und deren Bekämpfung angesehen werden",Übereinkommen über den internationalen Handel mit gefährdeten Arten freilebender Tiere und Pflanzen,1
2015,"(1) (a) Nationale Rechtsvorschriften, die als relevant für die Verhinderung der Einschleppung invasiver gebietsfremder Arten und deren Bekämpfung angesehen werden",Übereinkommen über den internationalen Handel mit gefährdeten Arten freilebender Tiere und Pflanzen,1
2016,"(1) (a) Nationale Rechtsvorschriften, die als relevant für die Verhinderung der Einschleppung invasiver gebietsfremder Arten und deren Bekämpfung angesehen werden",Übereinkommen über den internationalen Handel mit gefährdeten Arten freilebender Tiere und Pflanzen,1
2017,"(1) (a) Nationale Rechtsvorschriften, die als relevant für die Verhinderung der Einschleppung invasiver gebietsfremder Arten und deren Bekämpfung angesehen werden",Übereinkommen über den internationalen Handel mit gefährdeten Arten freilebender Tiere und Pflanzen,1
2018,"(1) (a) Nationale Rechtsvorschriften, die als relevant für die Verhinderung der Einschleppung invasiver gebietsfremder Arten und deren Bekämpfung angesehen werden",Übereinkommen über den internationalen Handel mit gefährdeten Arten freilebender Tiere und Pflanzen,1
2019,"(1) (a) Nationale Rechtsvorschriften, die als relevant für die Verhinderung der Einschleppung invasiver gebietsfremder Arten und deren Bekämpfung angesehen werden",Übereinkommen über den internationalen Handel mit gefährdeten Arten freilebender Tiere und Pflanzen,1
2020,"(1) (a) Nationale Rechtsvorschriften, die als relevant für die Verhinderung der Einschleppung invasiver gebietsfremder Arten und deren Bekämpfung angesehen werden",Übereinkommen über den internationalen Handel mit gefährdeten Arten freilebender Tiere und Pflanzen,1
2021,"(1) (a) Nationale Rechtsvorschriften, die als relevant für die Verhinderung der Einschleppung invasiver gebietsfremder Arten und deren Bekämpfung angesehen werden",Übereinkommen über den internationalen Handel mit gefährdeten Arten freilebender Tiere und Pflanzen,1
2010,"(1) (a) Nationale Rechtsvorschriften, die als relevant für die Verhinderung der Einschleppung invasiver gebietsfremder Arten und deren Bekämpfung angesehen werden",Ramsar-Konvention,1
2011,"(1) (a) Nationale Rechtsvorschriften, die als relevant für die Verhinderung der Einschleppung invasiver gebietsfremder Arten und deren Bekämpfung angesehen werden",Ramsar-Konvention,1
2012,"(1) (a) Nationale Rechtsvorschriften, die als relevant für die Verhinderung der Einschleppung invasiver gebietsfremder Arten und deren Bekämpfung angesehen werden",Ramsar-Konvention,1
2013,"(1) (a) Nationale Rechtsvorschriften, die als relevant für die Verhinderung der Einschleppung invasiver gebietsfremder Arten und deren Bekämpfung angesehen werden",Ramsar-Konvention,1
2014,"(1) (a) Nationale Rechtsvorschriften, die als relevant für die Verhinderung der Einschleppung invasiver gebietsfremder Arten und deren Bekämpfung angesehen werden",Ramsar-Konvention,1
2015,"(1) (a) Nationale Rechtsvorschriften, die als relevant für die Verhinderung der Einschleppung invasiver gebietsfremder Arten und deren Bekämpfung angesehen werden",Ramsar-Konvention,1
2016,"(1) (a) Nationale Rechtsvorschriften, die als relevant für die Verhinderung der Einschleppung invasiver gebietsfremder Arten und deren Bekämpfung angesehen werden",Ramsar-Konvention,1
2017,"(1) (a) Nationale Rechtsvorschriften, die als relevant für die Verhinderung der Einschleppung invasiver gebietsfremder Arten und deren Bekämpfung angesehen werden",Ramsar-Konvention,1
2018,"(1) (a) Nationale Rechtsvorschriften, die als relevant für die Verhinderung der Einschleppung invasiver gebietsfremder Arten und deren Bekämpfung angesehen werden",Ramsar-Konvention,1
2019,"(1) (a) Nationale Rechtsvorschriften, die als relevant für die Verhinderung der Einschleppung invasiver gebietsfremder Arten und deren Bekämpfung angesehen werden",Ramsar-Konvention,1
2020,"(1) (a) Nationale Rechtsvorschriften, die als relevant für die Verhinderung der Einschleppung invasiver gebietsfremder Arten und deren Bekämpfung angesehen werden",Ramsar-Konvention,1
2021,"(1) (a) Nationale Rechtsvorschriften, die als relevant für die Verhinderung der Einschleppung invasiver gebietsfremder Arten und deren Bekämpfung angesehen werden",Ramsar-Konvention,1
2010,"(1) (a) Nationale Rechtsvorschriften, die als relevant für die Verhinderung der Einschleppung invasiver gebietsfremder Arten und deren Bekämpfung angesehen werden",Übereinkommen zur Erhaltung wandernder wild lebender Tierarten,1
2011,"(1) (a) Nationale Rechtsvorschriften, die als relevant für die Verhinderung der Einschleppung invasiver gebietsfremder Arten und deren Bekämpfung angesehen werden",Übereinkommen zur Erhaltung wandernder wild lebender Tierarten,1
2012,"(1) (a) Nationale Rechtsvorschriften, die als relevant für die Verhinderung der Einschleppung invasiver gebietsfremder Arten und deren Bekämpfung angesehen werden",Übereinkommen zur Erhaltung wandernder wild lebender Tierarten,1
2013,"(1) (a) Nationale Rechtsvorschriften, die als relevant für die Verhinderung der Einschleppung invasiver gebietsfremder Arten und deren Bekämpfung angesehen werden",Übereinkommen zur Erhaltung wandernder wild lebender Tierarten,1
2014,"(1) (a) Nationale Rechtsvorschriften, die als relevant für die Verhinderung der Einschleppung invasiver gebietsfremder Arten und deren Bekämpfung angesehen werden",Übereinkommen zur Erhaltung wandernder wild lebender Tierarten,1
2015,"(1) (a) Nationale Rechtsvorschriften, die als relevant für die Verhinderung der Einschleppung invasiver gebietsfremder Arten und deren Bekämpfung angesehen werden",Übereinkommen zur Erhaltung wandernder wild lebender Tierarten,1
2016,"(1) (a) Nationale Rechtsvorschriften, die als relevant für die Verhinderung der Einschleppung invasiver gebietsfremder Arten und deren Bekämpfung angesehen werden",Übereinkommen zur Erhaltung wandernder wild lebender Tierarten,1
2017,"(1) (a) Nationale Rechtsvorschriften, die als relevant für die Verhinderung der Einschleppung invasiver gebietsfremder Arten und deren Bekämpfung angesehen werden",Übereinkommen zur Erhaltung wandernder wild lebender Tierarten,1
2018,"(1) (a) Nationale Rechtsvorschriften, die als relevant für die Verhinderung der Einschleppung invasiver gebietsfremder Arten und deren Bekämpfung angesehen werden",Übereinkommen zur Erhaltung wandernder wild lebender Tierarten,1
2019,"(1) (a) Nationale Rechtsvorschriften, die als relevant für die Verhinderung der Einschleppung invasiver gebietsfremder Arten und deren Bekämpfung angesehen werden",Übereinkommen zur Erhaltung wandernder wild lebender Tierarten,1
2020,"(1) (a) Nationale Rechtsvorschriften, die als relevant für die Verhinderung der Einschleppung invasiver gebietsfremder Arten und deren Bekämpfung angesehen werden",Übereinkommen zur Erhaltung wandernder wild lebender Tierarten,1
2021,"(1) (a) Nationale Rechtsvorschriften, die als relevant für die Verhinderung der Einschleppung invasiver gebietsfremder Arten und deren Bekämpfung angesehen werden",Übereinkommen zur Erhaltung wandernder wild lebender Tierarten,1
2010,"(1) (a) Nationale Rechtsvorschriften, die als relevant für die Verhinderung der Einschleppung invasiver gebietsfremder Arten und deren Bekämpfung angesehen werden",Welterbekonvention,1
2011,"(1) (a) Nationale Rechtsvorschriften, die als relevant für die Verhinderung der Einschleppung invasiver gebietsfremder Arten und deren Bekämpfung angesehen werden",Welterbekonvention,1
2012,"(1) (a) Nationale Rechtsvorschriften, die als relevant für die Verhinderung der Einschleppung invasiver gebietsfremder Arten und deren Bekämpfung angesehen werden",Welterbekonvention,1
2013,"(1) (a) Nationale Rechtsvorschriften, die als relevant für die Verhinderung der Einschleppung invasiver gebietsfremder Arten und deren Bekämpfung angesehen werden",Welterbekonvention,1
2014,"(1) (a) Nationale Rechtsvorschriften, die als relevant für die Verhinderung der Einschleppung invasiver gebietsfremder Arten und deren Bekämpfung angesehen werden",Welterbekonvention,1
2015,"(1) (a) Nationale Rechtsvorschriften, die als relevant für die Verhinderung der Einschleppung invasiver gebietsfremder Arten und deren Bekämpfung angesehen werden",Welterbekonvention,1
2016,"(1) (a) Nationale Rechtsvorschriften, die als relevant für die Verhinderung der Einschleppung invasiver gebietsfremder Arten und deren Bekämpfung angesehen werden",Welterbekonvention,1
2017,"(1) (a) Nationale Rechtsvorschriften, die als relevant für die Verhinderung der Einschleppung invasiver gebietsfremder Arten und deren Bekämpfung angesehen werden",Welterbekonvention,1
2018,"(1) (a) Nationale Rechtsvorschriften, die als relevant für die Verhinderung der Einschleppung invasiver gebietsfremder Arten und deren Bekämpfung angesehen werden",Welterbekonvention,1
2019,"(1) (a) Nationale Rechtsvorschriften, die als relevant für die Verhinderung der Einschleppung invasiver gebietsfremder Arten und deren Bekämpfung angesehen werden",Welterbekonvention,1
2020,"(1) (a) Nationale Rechtsvorschriften, die als relevant für die Verhinderung der Einschleppung invasiver gebietsfremder Arten und deren Bekämpfung angesehen werden",Welterbekonvention,1
2021,"(1) (a) Nationale Rechtsvorschriften, die als relevant für die Verhinderung der Einschleppung invasiver gebietsfremder Arten und deren Bekämpfung angesehen werden",Welterbekonvention,1
2010,"(1) (a) Nationale Rechtsvorschriften, die als relevant für die Verhinderung der Einschleppung invasiver gebietsfremder Arten und deren Bekämpfung angesehen werden",Ballastwasser-Übereinkommen,1
2011,"(1) (a) Nationale Rechtsvorschriften, die als relevant für die Verhinderung der Einschleppung invasiver gebietsfremder Arten und deren Bekämpfung angesehen werden",Ballastwasser-Übereinkommen,1
2012,"(1) (a) Nationale Rechtsvorschriften, die als relevant für die Verhinderung der Einschleppung invasiver gebietsfremder Arten und deren Bekämpfung angesehen werden",Ballastwasser-Übereinkommen,1
2013,"(1) (a) Nationale Rechtsvorschriften, die als relevant für die Verhinderung der Einschleppung invasiver gebietsfremder Arten und deren Bekämpfung angesehen werden",Ballastwasser-Übereinkommen,1
2014,"(1) (a) Nationale Rechtsvorschriften, die als relevant für die Verhinderung der Einschleppung invasiver gebietsfremder Arten und deren Bekämpfung angesehen werden",Ballastwasser-Übereinkommen,1
2015,"(1) (a) Nationale Rechtsvorschriften, die als relevant für die Verhinderung der Einschleppung invasiver gebietsfremder Arten und deren Bekämpfung angesehen werden",Ballastwasser-Übereinkommen,1
2016,"(1) (a) Nationale Rechtsvorschriften, die als relevant für die Verhinderung der Einschleppung invasiver gebietsfremder Arten und deren Bekämpfung angesehen werden",Ballastwasser-Übereinkommen,1
2017,"(1) (a) Nationale Rechtsvorschriften, die als relevant für die Verhinderung der Einschleppung invasiver gebietsfremder Arten und deren Bekämpfung angesehen werden",Ballastwasser-Übereinkommen,1
2018,"(1) (a) Nationale Rechtsvorschriften, die als relevant für die Verhinderung der Einschleppung invasiver gebietsfremder Arten und deren Bekämpfung angesehen werden",Ballastwasser-Übereinkommen,1
2019,"(1) (a) Nationale Rechtsvorschriften, die als relevant für die Verhinderung der Einschleppung invasiver gebietsfremder Arten und deren Bekämpfung angesehen werden",Ballastwasser-Übereinkommen,1
2020,"(1) (a) Nationale Rechtsvorschriften, die als relevant für die Verhinderung der Einschleppung invasiver gebietsfremder Arten und deren Bekämpfung angesehen werden",Ballastwasser-Übereinkommen,1
2021,"(1) (a) Nationale Rechtsvorschriften, die als relevant für die Verhinderung der Einschleppung invasiver gebietsfremder Arten und deren Bekämpfung angesehen werden",Ballastwasser-Übereinkommen,1
2010,(1) (b) Angleichung der Ziele des Nationalen Strategie- und Aktionsplans für biologische Vielfalt (NBSAP) an das Aichi-Biodiversitätsziel 9 des Strategieplans für biologische Vielfalt 2011-2020,,1
2011,(1) (b) Angleichung der Ziele des Nationalen Strategie- und Aktionsplans für biologische Vielfalt (NBSAP) an das Aichi-Biodiversitätsziel 9 des Strategieplans für biologische Vielfalt 2011-2020,,1
2012,(1) (b) Angleichung der Ziele des Nationalen Strategie- und Aktionsplans für biologische Vielfalt (NBSAP) an das Aichi-Biodiversitätsziel 9 des Strategieplans für biologische Vielfalt 2011-2020,,1
2013,(1) (b) Angleichung der Ziele des Nationalen Strategie- und Aktionsplans für biologische Vielfalt (NBSAP) an das Aichi-Biodiversitätsziel 9 des Strategieplans für biologische Vielfalt 2011-2020,,1
2014,(1) (b) Angleichung der Ziele des Nationalen Strategie- und Aktionsplans für biologische Vielfalt (NBSAP) an das Aichi-Biodiversitätsziel 9 des Strategieplans für biologische Vielfalt 2011-2020,,1
2015,(1) (b) Angleichung der Ziele des Nationalen Strategie- und Aktionsplans für biologische Vielfalt (NBSAP) an das Aichi-Biodiversitätsziel 9 des Strategieplans für biologische Vielfalt 2011-2020,,1
2016,(1) (b) Angleichung der Ziele des Nationalen Strategie- und Aktionsplans für biologische Vielfalt (NBSAP) an das Aichi-Biodiversitätsziel 9 des Strategieplans für biologische Vielfalt 2011-2020,,1
2017,(1) (b) Angleichung der Ziele des Nationalen Strategie- und Aktionsplans für biologische Vielfalt (NBSAP) an das Aichi-Biodiversitätsziel 9 des Strategieplans für biologische Vielfalt 2011-2020,,1
2018,(1) (b) Angleichung der Ziele des Nationalen Strategie- und Aktionsplans für biologische Vielfalt (NBSAP) an das Aichi-Biodiversitätsziel 9 des Strategieplans für biologische Vielfalt 2011-2020,,1
2019,(1) (b) Angleichung der Ziele des Nationalen Strategie- und Aktionsplans für biologische Vielfalt (NBSAP) an das Aichi-Biodiversitätsziel 9 des Strategieplans für biologische Vielfalt 2011-2020,,1
2020,(1) (b) Angleichung der Ziele des Nationalen Strategie- und Aktionsplans für biologische Vielfalt (NBSAP) an das Aichi-Biodiversitätsziel 9 des Strategieplans für biologische Vielfalt 2011-2020,,1
2021,(1) (b) Angleichung der Ziele des Nationalen Strategie- und Aktionsplans für biologische Vielfalt (NBSAP) an das Aichi-Biodiversitätsziel 9 des Strategieplans für biologische Vielfalt 2011-2020,,1
