Year,Zeitreihe,Value
2010,"Bevölkerung, in deren Wohnumgebung es keine Kriminalität, Gewalt oder Vandalismus gibt",88.0
2011,"Bevölkerung, in deren Wohnumgebung es keine Kriminalität, Gewalt oder Vandalismus gibt",87.1
2012,"Bevölkerung, in deren Wohnumgebung es keine Kriminalität, Gewalt oder Vandalismus gibt",87.5
2013,"Bevölkerung, in deren Wohnumgebung es keine Kriminalität, Gewalt oder Vandalismus gibt",86.5
2014,"Bevölkerung, in deren Wohnumgebung es keine Kriminalität, Gewalt oder Vandalismus gibt",86.9
2015,"Bevölkerung, in deren Wohnumgebung es keine Kriminalität, Gewalt oder Vandalismus gibt",86.2
2016,"Bevölkerung, in deren Wohnumgebung es keine Kriminalität, Gewalt oder Vandalismus gibt",85.9
2017,"Bevölkerung, in deren Wohnumgebung es keine Kriminalität, Gewalt oder Vandalismus gibt",85.8
2018,"Bevölkerung, in deren Wohnumgebung es keine Kriminalität, Gewalt oder Vandalismus gibt",86.7
