Year,Geschlecht,Altersklasse,Unsicherheitsgefühl,Series,Value
2010,,,,"Bevölkerung, in deren Wohnumgebung es keine Kriminalität, Gewalt oder Vandalismus gibt",88.0
2011,,,,"Bevölkerung, in deren Wohnumgebung es keine Kriminalität, Gewalt oder Vandalismus gibt",87.1
2012,,,,"Bevölkerung, in deren Wohnumgebung es keine Kriminalität, Gewalt oder Vandalismus gibt",87.5
2013,,,,"Bevölkerung, in deren Wohnumgebung es keine Kriminalität, Gewalt oder Vandalismus gibt",86.5
2014,,,,"Bevölkerung, in deren Wohnumgebung es keine Kriminalität, Gewalt oder Vandalismus gibt",86.9
2015,,,,"Bevölkerung, in deren Wohnumgebung es keine Kriminalität, Gewalt oder Vandalismus gibt",86.2
2016,,,,"Bevölkerung, in deren Wohnumgebung es keine Kriminalität, Gewalt oder Vandalismus gibt",85.9
2017,,,,"Bevölkerung, in deren Wohnumgebung es keine Kriminalität, Gewalt oder Vandalismus gibt",85.8
2018,,,,"Bevölkerung, in deren Wohnumgebung es keine Kriminalität, Gewalt oder Vandalismus gibt",86.7
2019,,,,"Bevölkerung, in deren Wohnumgebung es keine Kriminalität, Gewalt oder Vandalismus gibt",86.9
2020,,,,"Bevölkerung, in deren Wohnumgebung es keine Kriminalität, Gewalt oder Vandalismus gibt",91.8
2012,,,Sehr sicher,(Un)Sicherheitsgefühl der Bevölkerung in ihrer Wohnumgebung (nach Einbruch der Dunkelheit),41.6
2017,,,Sehr sicher,(Un)Sicherheitsgefühl der Bevölkerung in ihrer Wohnumgebung (nach Einbruch der Dunkelheit),36.7
2020,,,Sehr sicher,(Un)Sicherheitsgefühl der Bevölkerung in ihrer Wohnumgebung (nach Einbruch der Dunkelheit),25.8
2012,,,Eher sicher,(Un)Sicherheitsgefühl der Bevölkerung in ihrer Wohnumgebung (nach Einbruch der Dunkelheit),41.3
2017,,,Eher sicher,(Un)Sicherheitsgefühl der Bevölkerung in ihrer Wohnumgebung (nach Einbruch der Dunkelheit),41.9
2020,,,Eher sicher,(Un)Sicherheitsgefühl der Bevölkerung in ihrer Wohnumgebung (nach Einbruch der Dunkelheit),46.3
2012,,,Eher unsicher,(Un)Sicherheitsgefühl der Bevölkerung in ihrer Wohnumgebung (nach Einbruch der Dunkelheit),12.4
2017,,,Eher unsicher,(Un)Sicherheitsgefühl der Bevölkerung in ihrer Wohnumgebung (nach Einbruch der Dunkelheit),15.2
2020,,,Eher unsicher,(Un)Sicherheitsgefühl der Bevölkerung in ihrer Wohnumgebung (nach Einbruch der Dunkelheit),22.2
2012,,,Sehr unsicher,(Un)Sicherheitsgefühl der Bevölkerung in ihrer Wohnumgebung (nach Einbruch der Dunkelheit),4.7
2017,,,Sehr unsicher,(Un)Sicherheitsgefühl der Bevölkerung in ihrer Wohnumgebung (nach Einbruch der Dunkelheit),6.3
2020,,,Sehr unsicher,(Un)Sicherheitsgefühl der Bevölkerung in ihrer Wohnumgebung (nach Einbruch der Dunkelheit),5.7
2012,Weiblich,,Sehr sicher,(Un)Sicherheitsgefühl der Bevölkerung in ihrer Wohnumgebung (nach Einbruch der Dunkelheit),54.7
2017,Weiblich,,Sehr sicher,(Un)Sicherheitsgefühl der Bevölkerung in ihrer Wohnumgebung (nach Einbruch der Dunkelheit),24.4
2020,Weiblich,,Sehr sicher,(Un)Sicherheitsgefühl der Bevölkerung in ihrer Wohnumgebung (nach Einbruch der Dunkelheit),15.8
2012,Weiblich,,Eher sicher,(Un)Sicherheitsgefühl der Bevölkerung in ihrer Wohnumgebung (nach Einbruch der Dunkelheit),37.3
2017,Weiblich,,Eher sicher,(Un)Sicherheitsgefühl der Bevölkerung in ihrer Wohnumgebung (nach Einbruch der Dunkelheit),43.7
2020,Weiblich,,Eher sicher,(Un)Sicherheitsgefühl der Bevölkerung in ihrer Wohnumgebung (nach Einbruch der Dunkelheit),45.5
2012,Weiblich,,Eher unsicher,(Un)Sicherheitsgefühl der Bevölkerung in ihrer Wohnumgebung (nach Einbruch der Dunkelheit),6.1
2017,Weiblich,,Eher unsicher,(Un)Sicherheitsgefühl der Bevölkerung in ihrer Wohnumgebung (nach Einbruch der Dunkelheit),22.0
2020,Weiblich,,Eher unsicher,(Un)Sicherheitsgefühl der Bevölkerung in ihrer Wohnumgebung (nach Einbruch der Dunkelheit),30.1
2012,Weiblich,,Sehr unsicher,(Un)Sicherheitsgefühl der Bevölkerung in ihrer Wohnumgebung (nach Einbruch der Dunkelheit),1.9
2017,Weiblich,,Sehr unsicher,(Un)Sicherheitsgefühl der Bevölkerung in ihrer Wohnumgebung (nach Einbruch der Dunkelheit),9.9
2020,Weiblich,,Sehr unsicher,(Un)Sicherheitsgefühl der Bevölkerung in ihrer Wohnumgebung (nach Einbruch der Dunkelheit),8.6
2012,Männlich,,Sehr sicher,(Un)Sicherheitsgefühl der Bevölkerung in ihrer Wohnumgebung (nach Einbruch der Dunkelheit),29.0
2017,Männlich,,Sehr sicher,(Un)Sicherheitsgefühl der Bevölkerung in ihrer Wohnumgebung (nach Einbruch der Dunkelheit),49.4
2020,Männlich,,Sehr sicher,(Un)Sicherheitsgefühl der Bevölkerung in ihrer Wohnumgebung (nach Einbruch der Dunkelheit),36.2
2012,Männlich,,Eher sicher,(Un)Sicherheitsgefühl der Bevölkerung in ihrer Wohnumgebung (nach Einbruch der Dunkelheit),45.1
2017,Männlich,,Eher sicher,(Un)Sicherheitsgefühl der Bevölkerung in ihrer Wohnumgebung (nach Einbruch der Dunkelheit),40.0
2020,Männlich,,Eher sicher,(Un)Sicherheitsgefühl der Bevölkerung in ihrer Wohnumgebung (nach Einbruch der Dunkelheit),47.1
2012,Männlich,,Eher unsicher,(Un)Sicherheitsgefühl der Bevölkerung in ihrer Wohnumgebung (nach Einbruch der Dunkelheit),18.4
2017,Männlich,,Eher unsicher,(Un)Sicherheitsgefühl der Bevölkerung in ihrer Wohnumgebung (nach Einbruch der Dunkelheit),8.1
2020,Männlich,,Eher unsicher,(Un)Sicherheitsgefühl der Bevölkerung in ihrer Wohnumgebung (nach Einbruch der Dunkelheit),14.0
2012,Männlich,,Sehr unsicher,(Un)Sicherheitsgefühl der Bevölkerung in ihrer Wohnumgebung (nach Einbruch der Dunkelheit),7.4
2017,Männlich,,Sehr unsicher,(Un)Sicherheitsgefühl der Bevölkerung in ihrer Wohnumgebung (nach Einbruch der Dunkelheit),2.6
2020,Männlich,,Sehr unsicher,(Un)Sicherheitsgefühl der Bevölkerung in ihrer Wohnumgebung (nach Einbruch der Dunkelheit),2.7
2012,,16 bis unter 25 Jahre,Sehr sicher,(Un)Sicherheitsgefühl der Bevölkerung in ihrer Wohnumgebung (nach Einbruch der Dunkelheit),40.3
2017,,16 bis unter 25 Jahre,Sehr sicher,(Un)Sicherheitsgefühl der Bevölkerung in ihrer Wohnumgebung (nach Einbruch der Dunkelheit),38.8
2020,,16 bis unter 25 Jahre,Sehr sicher,(Un)Sicherheitsgefühl der Bevölkerung in ihrer Wohnumgebung (nach Einbruch der Dunkelheit),32.5
2012,,16 bis unter 25 Jahre,Eher sicher,(Un)Sicherheitsgefühl der Bevölkerung in ihrer Wohnumgebung (nach Einbruch der Dunkelheit),39.2
2017,,16 bis unter 25 Jahre,Eher sicher,(Un)Sicherheitsgefühl der Bevölkerung in ihrer Wohnumgebung (nach Einbruch der Dunkelheit),40.7
2020,,16 bis unter 25 Jahre,Eher sicher,(Un)Sicherheitsgefühl der Bevölkerung in ihrer Wohnumgebung (nach Einbruch der Dunkelheit),38.2
2012,,16 bis unter 25 Jahre,Eher unsicher,(Un)Sicherheitsgefühl der Bevölkerung in ihrer Wohnumgebung (nach Einbruch der Dunkelheit),15.1
2017,,16 bis unter 25 Jahre,Eher unsicher,(Un)Sicherheitsgefühl der Bevölkerung in ihrer Wohnumgebung (nach Einbruch der Dunkelheit),15.0
2020,,16 bis unter 25 Jahre,Eher unsicher,(Un)Sicherheitsgefühl der Bevölkerung in ihrer Wohnumgebung (nach Einbruch der Dunkelheit),20.9
2012,,16 bis unter 25 Jahre,Sehr unsicher,(Un)Sicherheitsgefühl der Bevölkerung in ihrer Wohnumgebung (nach Einbruch der Dunkelheit),5.4
2017,,16 bis unter 25 Jahre,Sehr unsicher,(Un)Sicherheitsgefühl der Bevölkerung in ihrer Wohnumgebung (nach Einbruch der Dunkelheit),5.5
2020,,16 bis unter 25 Jahre,Sehr unsicher,(Un)Sicherheitsgefühl der Bevölkerung in ihrer Wohnumgebung (nach Einbruch der Dunkelheit),8.3
2012,,25 bis unter 35 Jahre,Sehr sicher,(Un)Sicherheitsgefühl der Bevölkerung in ihrer Wohnumgebung (nach Einbruch der Dunkelheit),43.6
2017,,25 bis unter 35 Jahre,Sehr sicher,(Un)Sicherheitsgefühl der Bevölkerung in ihrer Wohnumgebung (nach Einbruch der Dunkelheit),39.2
2020,,25 bis unter 35 Jahre,Sehr sicher,(Un)Sicherheitsgefühl der Bevölkerung in ihrer Wohnumgebung (nach Einbruch der Dunkelheit),32.3
2012,,25 bis unter 35 Jahre,Eher sicher,(Un)Sicherheitsgefühl der Bevölkerung in ihrer Wohnumgebung (nach Einbruch der Dunkelheit),43.2
2017,,25 bis unter 35 Jahre,Eher sicher,(Un)Sicherheitsgefühl der Bevölkerung in ihrer Wohnumgebung (nach Einbruch der Dunkelheit),42.9
2020,,25 bis unter 35 Jahre,Eher sicher,(Un)Sicherheitsgefühl der Bevölkerung in ihrer Wohnumgebung (nach Einbruch der Dunkelheit),43.0
2012,,25 bis unter 35 Jahre,Eher unsicher,(Un)Sicherheitsgefühl der Bevölkerung in ihrer Wohnumgebung (nach Einbruch der Dunkelheit),9.4
2017,,25 bis unter 35 Jahre,Eher unsicher,(Un)Sicherheitsgefühl der Bevölkerung in ihrer Wohnumgebung (nach Einbruch der Dunkelheit),12.9
2020,,25 bis unter 35 Jahre,Eher unsicher,(Un)Sicherheitsgefühl der Bevölkerung in ihrer Wohnumgebung (nach Einbruch der Dunkelheit),19.2
2012,,25 bis unter 35 Jahre,Sehr unsicher,(Un)Sicherheitsgefühl der Bevölkerung in ihrer Wohnumgebung (nach Einbruch der Dunkelheit),3.8
2017,,25 bis unter 35 Jahre,Sehr unsicher,(Un)Sicherheitsgefühl der Bevölkerung in ihrer Wohnumgebung (nach Einbruch der Dunkelheit),5.0
2020,,25 bis unter 35 Jahre,Sehr unsicher,(Un)Sicherheitsgefühl der Bevölkerung in ihrer Wohnumgebung (nach Einbruch der Dunkelheit),5.4
2012,,35 bis unter 45 Jahre,Sehr sicher,(Un)Sicherheitsgefühl der Bevölkerung in ihrer Wohnumgebung (nach Einbruch der Dunkelheit),46.7
2017,,35 bis unter 45 Jahre,Sehr sicher,(Un)Sicherheitsgefühl der Bevölkerung in ihrer Wohnumgebung (nach Einbruch der Dunkelheit),40.1
2020,,35 bis unter 45 Jahre,Sehr sicher,(Un)Sicherheitsgefühl der Bevölkerung in ihrer Wohnumgebung (nach Einbruch der Dunkelheit),31.3
2012,,35 bis unter 45 Jahre,Eher sicher,(Un)Sicherheitsgefühl der Bevölkerung in ihrer Wohnumgebung (nach Einbruch der Dunkelheit),41.7
2017,,35 bis unter 45 Jahre,Eher sicher,(Un)Sicherheitsgefühl der Bevölkerung in ihrer Wohnumgebung (nach Einbruch der Dunkelheit),41.4
2020,,35 bis unter 45 Jahre,Eher sicher,(Un)Sicherheitsgefühl der Bevölkerung in ihrer Wohnumgebung (nach Einbruch der Dunkelheit),45.5
2012,,35 bis unter 45 Jahre,Eher unsicher,(Un)Sicherheitsgefühl der Bevölkerung in ihrer Wohnumgebung (nach Einbruch der Dunkelheit),8.6
2017,,35 bis unter 45 Jahre,Eher unsicher,(Un)Sicherheitsgefühl der Bevölkerung in ihrer Wohnumgebung (nach Einbruch der Dunkelheit),13.3
2020,,35 bis unter 45 Jahre,Eher unsicher,(Un)Sicherheitsgefühl der Bevölkerung in ihrer Wohnumgebung (nach Einbruch der Dunkelheit),18.9
2012,,35 bis unter 45 Jahre,Sehr unsicher,(Un)Sicherheitsgefühl der Bevölkerung in ihrer Wohnumgebung (nach Einbruch der Dunkelheit),3.1
2017,,35 bis unter 45 Jahre,Sehr unsicher,(Un)Sicherheitsgefühl der Bevölkerung in ihrer Wohnumgebung (nach Einbruch der Dunkelheit),5.2
2020,,35 bis unter 45 Jahre,Sehr unsicher,(Un)Sicherheitsgefühl der Bevölkerung in ihrer Wohnumgebung (nach Einbruch der Dunkelheit),4.3
2012,,45 bis unter 55 Jahre,Sehr sicher,(Un)Sicherheitsgefühl der Bevölkerung in ihrer Wohnumgebung (nach Einbruch der Dunkelheit),45.6
2017,,45 bis unter 55 Jahre,Sehr sicher,(Un)Sicherheitsgefühl der Bevölkerung in ihrer Wohnumgebung (nach Einbruch der Dunkelheit),39.9
2020,,45 bis unter 55 Jahre,Sehr sicher,(Un)Sicherheitsgefühl der Bevölkerung in ihrer Wohnumgebung (nach Einbruch der Dunkelheit),28.3
2012,,45 bis unter 55 Jahre,Eher sicher,(Un)Sicherheitsgefühl der Bevölkerung in ihrer Wohnumgebung (nach Einbruch der Dunkelheit),43.1
2017,,45 bis unter 55 Jahre,Eher sicher,(Un)Sicherheitsgefühl der Bevölkerung in ihrer Wohnumgebung (nach Einbruch der Dunkelheit),42.6
2020,,45 bis unter 55 Jahre,Eher sicher,(Un)Sicherheitsgefühl der Bevölkerung in ihrer Wohnumgebung (nach Einbruch der Dunkelheit),46.9
2012,,45 bis unter 55 Jahre,Eher unsicher,(Un)Sicherheitsgefühl der Bevölkerung in ihrer Wohnumgebung (nach Einbruch der Dunkelheit),8.4
2017,,45 bis unter 55 Jahre,Eher unsicher,(Un)Sicherheitsgefühl der Bevölkerung in ihrer Wohnumgebung (nach Einbruch der Dunkelheit),12.0
2020,,45 bis unter 55 Jahre,Eher unsicher,(Un)Sicherheitsgefühl der Bevölkerung in ihrer Wohnumgebung (nach Einbruch der Dunkelheit),20.0
2012,,45 bis unter 55 Jahre,Sehr unsicher,(Un)Sicherheitsgefühl der Bevölkerung in ihrer Wohnumgebung (nach Einbruch der Dunkelheit),2.9
2017,,45 bis unter 55 Jahre,Sehr unsicher,(Un)Sicherheitsgefühl der Bevölkerung in ihrer Wohnumgebung (nach Einbruch der Dunkelheit),5.5
2020,,45 bis unter 55 Jahre,Sehr unsicher,(Un)Sicherheitsgefühl der Bevölkerung in ihrer Wohnumgebung (nach Einbruch der Dunkelheit),4.8
2012,,55 bis unter 65 Jahre,Sehr sicher,(Un)Sicherheitsgefühl der Bevölkerung in ihrer Wohnumgebung (nach Einbruch der Dunkelheit),41.7
2017,,55 bis unter 65 Jahre,Sehr sicher,(Un)Sicherheitsgefühl der Bevölkerung in ihrer Wohnumgebung (nach Einbruch der Dunkelheit),37.6
2020,,55 bis unter 65 Jahre,Sehr sicher,(Un)Sicherheitsgefühl der Bevölkerung in ihrer Wohnumgebung (nach Einbruch der Dunkelheit),24.1
2012,,55 bis unter 65 Jahre,Eher sicher,(Un)Sicherheitsgefühl der Bevölkerung in ihrer Wohnumgebung (nach Einbruch der Dunkelheit),43.2
2017,,55 bis unter 65 Jahre,Eher sicher,(Un)Sicherheitsgefühl der Bevölkerung in ihrer Wohnumgebung (nach Einbruch der Dunkelheit),42.9
2020,,55 bis unter 65 Jahre,Eher sicher,(Un)Sicherheitsgefühl der Bevölkerung in ihrer Wohnumgebung (nach Einbruch der Dunkelheit),50.3
2012,,55 bis unter 65 Jahre,Eher unsicher,(Un)Sicherheitsgefühl der Bevölkerung in ihrer Wohnumgebung (nach Einbruch der Dunkelheit),11.1
2017,,55 bis unter 65 Jahre,Eher unsicher,(Un)Sicherheitsgefühl der Bevölkerung in ihrer Wohnumgebung (nach Einbruch der Dunkelheit),13.9
2020,,55 bis unter 65 Jahre,Eher unsicher,(Un)Sicherheitsgefühl der Bevölkerung in ihrer Wohnumgebung (nach Einbruch der Dunkelheit),20.8
2012,,55 bis unter 65 Jahre,Sehr unsicher,(Un)Sicherheitsgefühl der Bevölkerung in ihrer Wohnumgebung (nach Einbruch der Dunkelheit),4.1
2017,,55 bis unter 65 Jahre,Sehr unsicher,(Un)Sicherheitsgefühl der Bevölkerung in ihrer Wohnumgebung (nach Einbruch der Dunkelheit),5.6
2020,,55 bis unter 65 Jahre,Sehr unsicher,(Un)Sicherheitsgefühl der Bevölkerung in ihrer Wohnumgebung (nach Einbruch der Dunkelheit),4.8
2012,,65 bis unter 75 Jahre,Sehr sicher,(Un)Sicherheitsgefühl der Bevölkerung in ihrer Wohnumgebung (nach Einbruch der Dunkelheit),35.1
2017,,65 bis unter 75 Jahre,Sehr sicher,(Un)Sicherheitsgefühl der Bevölkerung in ihrer Wohnumgebung (nach Einbruch der Dunkelheit),32.8
2020,,65 bis unter 75 Jahre,Sehr sicher,(Un)Sicherheitsgefühl der Bevölkerung in ihrer Wohnumgebung (nach Einbruch der Dunkelheit),18.9
2012,,65 bis unter 75 Jahre,Eher sicher,(Un)Sicherheitsgefühl der Bevölkerung in ihrer Wohnumgebung (nach Einbruch der Dunkelheit),42.3
2017,,65 bis unter 75 Jahre,Eher sicher,(Un)Sicherheitsgefühl der Bevölkerung in ihrer Wohnumgebung (nach Einbruch der Dunkelheit),41.4
2020,,65 bis unter 75 Jahre,Eher sicher,(Un)Sicherheitsgefühl der Bevölkerung in ihrer Wohnumgebung (nach Einbruch der Dunkelheit),49.4
2012,,65 bis unter 75 Jahre,Eher unsicher,(Un)Sicherheitsgefühl der Bevölkerung in ihrer Wohnumgebung (nach Einbruch der Dunkelheit),16.6
2017,,65 bis unter 75 Jahre,Eher unsicher,(Un)Sicherheitsgefühl der Bevölkerung in ihrer Wohnumgebung (nach Einbruch der Dunkelheit),18.4
2020,,65 bis unter 75 Jahre,Eher unsicher,(Un)Sicherheitsgefühl der Bevölkerung in ihrer Wohnumgebung (nach Einbruch der Dunkelheit),26.1
2012,,65 bis unter 75 Jahre,Sehr unsicher,(Un)Sicherheitsgefühl der Bevölkerung in ihrer Wohnumgebung (nach Einbruch der Dunkelheit),6.1
2017,,65 bis unter 75 Jahre,Sehr unsicher,(Un)Sicherheitsgefühl der Bevölkerung in ihrer Wohnumgebung (nach Einbruch der Dunkelheit),7.3
2020,,65 bis unter 75 Jahre,Sehr unsicher,(Un)Sicherheitsgefühl der Bevölkerung in ihrer Wohnumgebung (nach Einbruch der Dunkelheit),5.7
2012,,75 Jahre und älter,Sehr sicher,(Un)Sicherheitsgefühl der Bevölkerung in ihrer Wohnumgebung (nach Einbruch der Dunkelheit),26.4
2017,,75 Jahre und älter,Sehr sicher,(Un)Sicherheitsgefühl der Bevölkerung in ihrer Wohnumgebung (nach Einbruch der Dunkelheit),25.9
2020,,75 Jahre und älter,Sehr sicher,(Un)Sicherheitsgefühl der Bevölkerung in ihrer Wohnumgebung (nach Einbruch der Dunkelheit),11.6
2012,,75 Jahre und älter,Eher sicher,(Un)Sicherheitsgefühl der Bevölkerung in ihrer Wohnumgebung (nach Einbruch der Dunkelheit),38.0
2017,,75 Jahre und älter,Eher sicher,(Un)Sicherheitsgefühl der Bevölkerung in ihrer Wohnumgebung (nach Einbruch der Dunkelheit),40.3
2020,,75 Jahre und älter,Eher sicher,(Un)Sicherheitsgefühl der Bevölkerung in ihrer Wohnumgebung (nach Einbruch der Dunkelheit),48.4
2012,,75 Jahre und älter,Eher unsicher,(Un)Sicherheitsgefühl der Bevölkerung in ihrer Wohnumgebung (nach Einbruch der Dunkelheit),24.5
2017,,75 Jahre und älter,Eher unsicher,(Un)Sicherheitsgefühl der Bevölkerung in ihrer Wohnumgebung (nach Einbruch der Dunkelheit),23.1
2020,,75 Jahre und älter,Eher unsicher,(Un)Sicherheitsgefühl der Bevölkerung in ihrer Wohnumgebung (nach Einbruch der Dunkelheit),31.8
2012,,75 Jahre und älter,Sehr unsicher,(Un)Sicherheitsgefühl der Bevölkerung in ihrer Wohnumgebung (nach Einbruch der Dunkelheit),11.1
2017,,75 Jahre und älter,Sehr unsicher,(Un)Sicherheitsgefühl der Bevölkerung in ihrer Wohnumgebung (nach Einbruch der Dunkelheit),10.7
2020,,75 Jahre und älter,Sehr unsicher,(Un)Sicherheitsgefühl der Bevölkerung in ihrer Wohnumgebung (nach Einbruch der Dunkelheit),8.2
2019,,,Sehr sicher,feeling of (in)security of the population in its neighbourhood (during the day),
2020,,,Sehr sicher,feeling of (in)security of the population in its neighbourhood (during the day),63.2
2021,,,Sehr sicher,feeling of (in)security of the population in its neighbourhood (during the day),
2019,,,Eher sicher,feeling of (in)security of the population in its neighbourhood (during the day),
2020,,,Eher sicher,feeling of (in)security of the population in its neighbourhood (during the day),34.1
2021,,,Eher sicher,feeling of (in)security of the population in its neighbourhood (during the day),
2019,,,Eher unsicher,feeling of (in)security of the population in its neighbourhood (during the day),
2020,,,Eher unsicher,feeling of (in)security of the population in its neighbourhood (during the day),2.4
2021,,,Eher unsicher,feeling of (in)security of the population in its neighbourhood (during the day),
2019,,,Sehr unsicher,feeling of (in)security of the population in its neighbourhood (during the day),
2020,,,Sehr unsicher,feeling of (in)security of the population in its neighbourhood (during the day),0.3
2021,,,Sehr unsicher,feeling of (in)security of the population in its neighbourhood (during the day),
2019,Weiblich,,Sehr sicher,feeling of (in)security of the population in its neighbourhood (during the day),
2020,Weiblich,,Sehr sicher,feeling of (in)security of the population in its neighbourhood (during the day),60.9
2021,Weiblich,,Sehr sicher,feeling of (in)security of the population in its neighbourhood (during the day),
2019,Weiblich,,Eher sicher,feeling of (in)security of the population in its neighbourhood (during the day),
2020,Weiblich,,Eher sicher,feeling of (in)security of the population in its neighbourhood (during the day),36.3
2021,Weiblich,,Eher sicher,feeling of (in)security of the population in its neighbourhood (during the day),
2019,Weiblich,,Eher unsicher,feeling of (in)security of the population in its neighbourhood (during the day),
2020,Weiblich,,Eher unsicher,feeling of (in)security of the population in its neighbourhood (during the day),2.6
2021,Weiblich,,Eher unsicher,feeling of (in)security of the population in its neighbourhood (during the day),
2019,Weiblich,,Sehr unsicher,feeling of (in)security of the population in its neighbourhood (during the day),
2020,Weiblich,,Sehr unsicher,feeling of (in)security of the population in its neighbourhood (during the day),0.3
2021,Weiblich,,Sehr unsicher,feeling of (in)security of the population in its neighbourhood (during the day),
2019,Männlich,,Sehr sicher,feeling of (in)security of the population in its neighbourhood (during the day),
2020,Männlich,,Sehr sicher,feeling of (in)security of the population in its neighbourhood (during the day),66.4
2021,Männlich,,Sehr sicher,feeling of (in)security of the population in its neighbourhood (during the day),
2019,Männlich,,Eher sicher,feeling of (in)security of the population in its neighbourhood (during the day),
2020,Männlich,,Eher sicher,feeling of (in)security of the population in its neighbourhood (during the day),31.3
2021,Männlich,,Eher sicher,feeling of (in)security of the population in its neighbourhood (during the day),
2019,Männlich,,Eher unsicher,feeling of (in)security of the population in its neighbourhood (during the day),
2020,Männlich,,Eher unsicher,feeling of (in)security of the population in its neighbourhood (during the day),2.1
2021,Männlich,,Eher unsicher,feeling of (in)security of the population in its neighbourhood (during the day),
2019,Männlich,,Sehr unsicher,feeling of (in)security of the population in its neighbourhood (during the day),
2020,Männlich,,Sehr unsicher,feeling of (in)security of the population in its neighbourhood (during the day),0.2
2021,Männlich,,Sehr unsicher,feeling of (in)security of the population in its neighbourhood (during the day),
2019,,16 bis unter 25 Jahre,Sehr sicher,feeling of (in)security of the population in its neighbourhood (during the day),
2020,,16 bis unter 25 Jahre,Sehr sicher,feeling of (in)security of the population in its neighbourhood (during the day),75.5
2021,,16 bis unter 25 Jahre,Sehr sicher,feeling of (in)security of the population in its neighbourhood (during the day),
2019,,16 bis unter 25 Jahre,Eher sicher,feeling of (in)security of the population in its neighbourhood (during the day),
2020,,16 bis unter 25 Jahre,Eher sicher,feeling of (in)security of the population in its neighbourhood (during the day),22.2
2021,,16 bis unter 25 Jahre,Eher sicher,feeling of (in)security of the population in its neighbourhood (during the day),
2019,,16 bis unter 25 Jahre,Eher unsicher,feeling of (in)security of the population in its neighbourhood (during the day),
2020,,16 bis unter 25 Jahre,Eher unsicher,feeling of (in)security of the population in its neighbourhood (during the day),1.7
2021,,16 bis unter 25 Jahre,Eher unsicher,feeling of (in)security of the population in its neighbourhood (during the day),
2019,,16 bis unter 25 Jahre,Sehr unsicher,feeling of (in)security of the population in its neighbourhood (during the day),
2020,,16 bis unter 25 Jahre,Sehr unsicher,feeling of (in)security of the population in its neighbourhood (during the day),0.6
2021,,16 bis unter 25 Jahre,Sehr unsicher,feeling of (in)security of the population in its neighbourhood (during the day),
2019,,25 bis unter 35 Jahre,Sehr sicher,feeling of (in)security of the population in its neighbourhood (during the day),
2020,,25 bis unter 35 Jahre,Sehr sicher,feeling of (in)security of the population in its neighbourhood (during the day),71.0
2021,,25 bis unter 35 Jahre,Sehr sicher,feeling of (in)security of the population in its neighbourhood (during the day),
2019,,25 bis unter 35 Jahre,Eher sicher,feeling of (in)security of the population in its neighbourhood (during the day),
2020,,25 bis unter 35 Jahre,Eher sicher,feeling of (in)security of the population in its neighbourhood (during the day),25.4
2021,,25 bis unter 35 Jahre,Eher sicher,feeling of (in)security of the population in its neighbourhood (during the day),
2019,,25 bis unter 35 Jahre,Eher unsicher,feeling of (in)security of the population in its neighbourhood (during the day),
2020,,25 bis unter 35 Jahre,Eher unsicher,feeling of (in)security of the population in its neighbourhood (during the day),3.4
2021,,25 bis unter 35 Jahre,Eher unsicher,feeling of (in)security of the population in its neighbourhood (during the day),
2019,,25 bis unter 35 Jahre,Sehr unsicher,feeling of (in)security of the population in its neighbourhood (during the day),
2020,,25 bis unter 35 Jahre,Sehr unsicher,feeling of (in)security of the population in its neighbourhood (during the day),0.2
2021,,25 bis unter 35 Jahre,Sehr unsicher,feeling of (in)security of the population in its neighbourhood (during the day),
2019,,35 bis unter 45 Jahre,Sehr sicher,feeling of (in)security of the population in its neighbourhood (during the day),
2020,,35 bis unter 45 Jahre,Sehr sicher,feeling of (in)security of the population in its neighbourhood (during the day),70.7
2021,,35 bis unter 45 Jahre,Sehr sicher,feeling of (in)security of the population in its neighbourhood (during the day),
2019,,35 bis unter 45 Jahre,Eher sicher,feeling of (in)security of the population in its neighbourhood (during the day),
2020,,35 bis unter 45 Jahre,Eher sicher,feeling of (in)security of the population in its neighbourhood (during the day),27.6
2021,,35 bis unter 45 Jahre,Eher sicher,feeling of (in)security of the population in its neighbourhood (during the day),
2019,,35 bis unter 45 Jahre,Eher unsicher,feeling of (in)security of the population in its neighbourhood (during the day),
2020,,35 bis unter 45 Jahre,Eher unsicher,feeling of (in)security of the population in its neighbourhood (during the day),1.6
2021,,35 bis unter 45 Jahre,Eher unsicher,feeling of (in)security of the population in its neighbourhood (during the day),
2019,,35 bis unter 45 Jahre,Sehr unsicher,feeling of (in)security of the population in its neighbourhood (during the day),
2020,,35 bis unter 45 Jahre,Sehr unsicher,feeling of (in)security of the population in its neighbourhood (during the day),0.1
2021,,35 bis unter 45 Jahre,Sehr unsicher,feeling of (in)security of the population in its neighbourhood (during the day),
2019,,45 bis unter 55 Jahre,Sehr sicher,feeling of (in)security of the population in its neighbourhood (during the day),
2020,,45 bis unter 55 Jahre,Sehr sicher,feeling of (in)security of the population in its neighbourhood (during the day),67.2
2021,,45 bis unter 55 Jahre,Sehr sicher,feeling of (in)security of the population in its neighbourhood (during the day),
2019,,45 bis unter 55 Jahre,Eher sicher,feeling of (in)security of the population in its neighbourhood (during the day),
2020,,45 bis unter 55 Jahre,Eher sicher,feeling of (in)security of the population in its neighbourhood (during the day),30.6
2021,,45 bis unter 55 Jahre,Eher sicher,feeling of (in)security of the population in its neighbourhood (during the day),
2019,,45 bis unter 55 Jahre,Eher unsicher,feeling of (in)security of the population in its neighbourhood (during the day),
2020,,45 bis unter 55 Jahre,Eher unsicher,feeling of (in)security of the population in its neighbourhood (during the day),2.0
2021,,45 bis unter 55 Jahre,Eher unsicher,feeling of (in)security of the population in its neighbourhood (during the day),
2019,,45 bis unter 55 Jahre,Sehr unsicher,feeling of (in)security of the population in its neighbourhood (during the day),
2020,,45 bis unter 55 Jahre,Sehr unsicher,feeling of (in)security of the population in its neighbourhood (during the day),0.1
2021,,45 bis unter 55 Jahre,Sehr unsicher,feeling of (in)security of the population in its neighbourhood (during the day),
2019,,55 bis unter 65 Jahre,Sehr sicher,feeling of (in)security of the population in its neighbourhood (during the day),
2020,,55 bis unter 65 Jahre,Sehr sicher,feeling of (in)security of the population in its neighbourhood (during the day),61.0
2021,,55 bis unter 65 Jahre,Sehr sicher,feeling of (in)security of the population in its neighbourhood (during the day),
2019,,55 bis unter 65 Jahre,Eher sicher,feeling of (in)security of the population in its neighbourhood (during the day),
2020,,55 bis unter 65 Jahre,Eher sicher,feeling of (in)security of the population in its neighbourhood (during the day),36.4
2021,,55 bis unter 65 Jahre,Eher sicher,feeling of (in)security of the population in its neighbourhood (during the day),
2019,,55 bis unter 65 Jahre,Eher unsicher,feeling of (in)security of the population in its neighbourhood (during the day),
2020,,55 bis unter 65 Jahre,Eher unsicher,feeling of (in)security of the population in its neighbourhood (during the day),2.3
2021,,55 bis unter 65 Jahre,Eher unsicher,feeling of (in)security of the population in its neighbourhood (during the day),
2019,,55 bis unter 65 Jahre,Sehr unsicher,feeling of (in)security of the population in its neighbourhood (during the day),
2020,,55 bis unter 65 Jahre,Sehr unsicher,feeling of (in)security of the population in its neighbourhood (during the day),0.3
2021,,55 bis unter 65 Jahre,Sehr unsicher,feeling of (in)security of the population in its neighbourhood (during the day),
2019,,65 bis unter 75 Jahre,Sehr sicher,feeling of (in)security of the population in its neighbourhood (during the day),
2020,,65 bis unter 75 Jahre,Sehr sicher,feeling of (in)security of the population in its neighbourhood (during the day),54.9
2021,,65 bis unter 75 Jahre,Sehr sicher,feeling of (in)security of the population in its neighbourhood (during the day),
2019,,65 bis unter 75 Jahre,Eher sicher,feeling of (in)security of the population in its neighbourhood (during the day),
2020,,65 bis unter 75 Jahre,Eher sicher,feeling of (in)security of the population in its neighbourhood (during the day),43.4
2021,,65 bis unter 75 Jahre,Eher sicher,feeling of (in)security of the population in its neighbourhood (during the day),
2019,,65 bis unter 75 Jahre,Eher unsicher,feeling of (in)security of the population in its neighbourhood (during the day),
2020,,65 bis unter 75 Jahre,Eher unsicher,feeling of (in)security of the population in its neighbourhood (during the day),1.5
2021,,65 bis unter 75 Jahre,Eher unsicher,feeling of (in)security of the population in its neighbourhood (during the day),
2019,,65 bis unter 75 Jahre,Sehr unsicher,feeling of (in)security of the population in its neighbourhood (during the day),
2020,,65 bis unter 75 Jahre,Sehr unsicher,feeling of (in)security of the population in its neighbourhood (during the day),0.2
2021,,65 bis unter 75 Jahre,Sehr unsicher,feeling of (in)security of the population in its neighbourhood (during the day),
2019,,75 Jahre und älter,Sehr sicher,feeling of (in)security of the population in its neighbourhood (during the day),
2020,,75 Jahre und älter,Sehr sicher,feeling of (in)security of the population in its neighbourhood (during the day),44.6
2021,,75 Jahre und älter,Sehr sicher,feeling of (in)security of the population in its neighbourhood (during the day),
2019,,75 Jahre und älter,Eher sicher,feeling of (in)security of the population in its neighbourhood (during the day),
2020,,75 Jahre und älter,Eher sicher,feeling of (in)security of the population in its neighbourhood (during the day),51.5
2021,,75 Jahre und älter,Eher sicher,feeling of (in)security of the population in its neighbourhood (during the day),
2019,,75 Jahre und älter,Eher unsicher,feeling of (in)security of the population in its neighbourhood (during the day),
2020,,75 Jahre und älter,Eher unsicher,feeling of (in)security of the population in its neighbourhood (during the day),3.6
2021,,75 Jahre und älter,Eher unsicher,feeling of (in)security of the population in its neighbourhood (during the day),
2019,,75 Jahre und älter,Sehr unsicher,feeling of (in)security of the population in its neighbourhood (during the day),
2020,,75 Jahre und älter,Sehr unsicher,feeling of (in)security of the population in its neighbourhood (during the day),0.3
2021,,75 Jahre und älter,Sehr unsicher,feeling of (in)security of the population in its neighbourhood (during the day),
