Year,Units,Altersklasse,Geschlecht,Form der Ausbeutung,COMMENT_OBS_0,COMMENT_OBS_1,COMMENT_OBS_2,Value
2010,Je 100 000 Einwohner/-innen,,,,,,,0.81
2011,Je 100 000 Einwohner/-innen,,,,,,,0.84
2012,Je 100 000 Einwohner/-innen,,,,,,,0.78
2013,Je 100 000 Einwohner/-innen,,,,,,,0.75
2014,Je 100 000 Einwohner/-innen,,,,,,,0.72
2015,Je 100 000 Einwohner/-innen,,,,,,,0.58
2016,Je 100 000 Einwohner/-innen,,,,,,,0.65
2017,Je 100 000 Einwohner/-innen,,,,,,,0.81
2018,Je 100 000 Einwohner/-innen,,,,,,,0.59
2019,Je 100 000 Einwohner/-innen,,,,,,,0.57
2020,Je 100 000 Einwohner/-innen,,,,,,,0.58
2021,Je 100 000 Einwohner/-innen,,,,,,,0.68
2022,Je 100 000 Einwohner/-innen,,,,r,,,1.81
2023,Je 100 000 Einwohner/-innen,,,,r,,,0.73
2024,Je 100 000 Einwohner/-innen,,,,,,,0.76
2010,Je 100 000 Einwohner/-innen,,,Ausbeutung der Arbeitskraft,,,,0.05
2011,Je 100 000 Einwohner/-innen,,,Ausbeutung der Arbeitskraft,,,,0.04
2012,Je 100 000 Einwohner/-innen,,,Ausbeutung der Arbeitskraft,,,,0.02
2013,Je 100 000 Einwohner/-innen,,,Ausbeutung der Arbeitskraft,,,,0.08
2014,Je 100 000 Einwohner/-innen,,,Ausbeutung der Arbeitskraft,,,,0.03
2015,Je 100 000 Einwohner/-innen,,,Ausbeutung der Arbeitskraft,,,,0.07
2016,Je 100 000 Einwohner/-innen,,,Ausbeutung der Arbeitskraft,,,,0.06
2017,Je 100 000 Einwohner/-innen,,,Ausbeutung der Arbeitskraft,,,,0.22
2018,Je 100 000 Einwohner/-innen,,,Ausbeutung der Arbeitskraft,,,,0.08
2019,Je 100 000 Einwohner/-innen,,,Ausbeutung der Arbeitskraft,,,,0.05
2020,Je 100 000 Einwohner/-innen,,,Ausbeutung der Arbeitskraft,,,,0.09
2021,Je 100 000 Einwohner/-innen,,,Ausbeutung der Arbeitskraft,,,,0.18
2022,Je 100 000 Einwohner/-innen,,,Ausbeutung der Arbeitskraft,r,,,1.23
2023,Je 100 000 Einwohner/-innen,,,Ausbeutung der Arbeitskraft,,,,0.22
2024,Je 100 000 Einwohner/-innen,,,Ausbeutung der Arbeitskraft,,,,0.2
2010,Je 100 000 Einwohner/-innen,,,Sexuelle Ausbeutung,,,,0.76
2011,Je 100 000 Einwohner/-innen,,,Sexuelle Ausbeutung,,,,0.8
2012,Je 100 000 Einwohner/-innen,,,Sexuelle Ausbeutung,,,,0.76
2013,Je 100 000 Einwohner/-innen,,,Sexuelle Ausbeutung,,,,0.67
2014,Je 100 000 Einwohner/-innen,,,Sexuelle Ausbeutung,,,,0.69
2015,Je 100 000 Einwohner/-innen,,,Sexuelle Ausbeutung,,,,0.51
2016,Je 100 000 Einwohner/-innen,,,Sexuelle Ausbeutung,,,,0.59
2017,Je 100 000 Einwohner/-innen,,,Sexuelle Ausbeutung,,,,0.59
2018,Je 100 000 Einwohner/-innen,,,Sexuelle Ausbeutung,,,,0.52
2019,Je 100 000 Einwohner/-innen,,,Sexuelle Ausbeutung,,,,0.51
2020,Je 100 000 Einwohner/-innen,,,Sexuelle Ausbeutung,,,,0.49
2021,Je 100 000 Einwohner/-innen,,,Sexuelle Ausbeutung,,,,0.5
2022,Je 100 000 Einwohner/-innen,,,Sexuelle Ausbeutung,r,,,0.58
2023,Je 100 000 Einwohner/-innen,,,Sexuelle Ausbeutung,r,,,0.51
2024,Je 100 000 Einwohner/-innen,,,Sexuelle Ausbeutung,,,,0.56
2010,Anzahl,,,,,,,651.0
2011,Anzahl,,,,,,,671.0
2012,Anzahl,,,,,,,626.0
2013,Anzahl,,,,,,,603.0
2014,Anzahl,,,,,,,583.0
2015,Anzahl,,,,,,,470.0
2016,Anzahl,,,,,,,536.0
2017,Anzahl,,,,,,,669.0
2018,Anzahl,,,,,,,493.0
2019,Anzahl,,,,,,,470.0
2020,Anzahl,,,,,,,479.0
2021,Anzahl,,,,,,,564.0
2022,Anzahl,,,,,,,1495.0
2023,Anzahl,,,,r,,,611.0
2024,Anzahl,,,,,,,636.0
2010,Anzahl,,,Ausbeutung der Arbeitskraft,,,,41.0
2011,Anzahl,,,Ausbeutung der Arbeitskraft,,,,32.0
2012,Anzahl,,,Ausbeutung der Arbeitskraft,,,,14.0
2013,Anzahl,,,Ausbeutung der Arbeitskraft,,,,61.0
2014,Anzahl,,,Ausbeutung der Arbeitskraft,,,,26.0
2015,Anzahl,,,Ausbeutung der Arbeitskraft,,,,54.0
2016,Anzahl,,,Ausbeutung der Arbeitskraft,,,,48.0
2017,Anzahl,,,Ausbeutung der Arbeitskraft,,,,180.0
2018,Anzahl,,,Ausbeutung der Arbeitskraft,,,,63.0
2019,Anzahl,,,Ausbeutung der Arbeitskraft,,,,43.0
2020,Anzahl,,,Ausbeutung der Arbeitskraft,,,,73.0
2021,Anzahl,,,Ausbeutung der Arbeitskraft,,,,147.0
2022,Anzahl,,,Ausbeutung der Arbeitskraft,,,,1019.0
2023,Anzahl,,,Ausbeutung der Arbeitskraft,,,,183.0
2024,Anzahl,,,Ausbeutung der Arbeitskraft,,,,171.0
2010,Anzahl,,,Sexuelle Ausbeutung,,,,610.0
2011,Anzahl,,,Sexuelle Ausbeutung,,,,639.0
2012,Anzahl,,,Sexuelle Ausbeutung,,,,612.0
2013,Anzahl,,,Sexuelle Ausbeutung,,,,542.0
2014,Anzahl,,,Sexuelle Ausbeutung,,,,557.0
2015,Anzahl,,,Sexuelle Ausbeutung,,,,416.0
2016,Anzahl,,,Sexuelle Ausbeutung,,,,488.0
2017,Anzahl,,,Sexuelle Ausbeutung,,,,489.0
2018,Anzahl,,,Sexuelle Ausbeutung,,,,430.0
2019,Anzahl,,,Sexuelle Ausbeutung,,,,427.0
2020,Anzahl,,,Sexuelle Ausbeutung,,,,406.0
2021,Anzahl,,,Sexuelle Ausbeutung,,,,417.0
2022,Anzahl,,,Sexuelle Ausbeutung,,,,476.0
2023,Anzahl,,,Sexuelle Ausbeutung,r,,,428.0
2024,Anzahl,,,Sexuelle Ausbeutung,,,,465.0
2010,Anzahl,13 Jahre und jünger,,Sexuelle Ausbeutung,,,,13.0
2011,Anzahl,13 Jahre und jünger,,Sexuelle Ausbeutung,,,,13.0
2012,Anzahl,13 Jahre und jünger,,Sexuelle Ausbeutung,,,,12.0
2013,Anzahl,13 Jahre und jünger,,Sexuelle Ausbeutung,,,,9.0
2014,Anzahl,13 Jahre und jünger,,Sexuelle Ausbeutung,,,,5.0
2015,Anzahl,13 Jahre und jünger,,Sexuelle Ausbeutung,,,,6.0
2016,Anzahl,13 Jahre und jünger,,Sexuelle Ausbeutung,,,,12.0
2017,Anzahl,13 Jahre und jünger,,Sexuelle Ausbeutung,,,,16.0
2018,Anzahl,13 Jahre und jünger,,Sexuelle Ausbeutung,,,,4.0
2019,Anzahl,13 Jahre und jünger,,Sexuelle Ausbeutung,,,,5.0
2020,Anzahl,13 Jahre und jünger,,Sexuelle Ausbeutung,,,,13.0
2021,Anzahl,13 Jahre und jünger,,Sexuelle Ausbeutung,,,,1.0
2022,Anzahl,13 Jahre und jünger,,Sexuelle Ausbeutung,,,,7.0
2023,Anzahl,13 Jahre und jünger,,Sexuelle Ausbeutung,,,,1.0
2024,Anzahl,13 Jahre und jünger,,Sexuelle Ausbeutung,,,,4.0
2010,Anzahl,14 bis unter 18 Jahre,,Sexuelle Ausbeutung,,,,79.0
2011,Anzahl,14 bis unter 18 Jahre,,Sexuelle Ausbeutung,,,,77.0
2012,Anzahl,14 bis unter 18 Jahre,,Sexuelle Ausbeutung,,,,88.0
2013,Anzahl,14 bis unter 18 Jahre,,Sexuelle Ausbeutung,,,,61.0
2014,Anzahl,14 bis unter 18 Jahre,,Sexuelle Ausbeutung,,,,52.0
2015,Anzahl,14 bis unter 18 Jahre,,Sexuelle Ausbeutung,,,,71.0
2016,Anzahl,14 bis unter 18 Jahre,,Sexuelle Ausbeutung,,,,84.0
2017,Anzahl,14 bis unter 18 Jahre,,Sexuelle Ausbeutung,,,,46.0
2018,Anzahl,14 bis unter 18 Jahre,,Sexuelle Ausbeutung,,,,64.0
2019,Anzahl,14 bis unter 18 Jahre,,Sexuelle Ausbeutung,,,,56.0
2020,Anzahl,14 bis unter 18 Jahre,,Sexuelle Ausbeutung,,,,66.0
2021,Anzahl,14 bis unter 18 Jahre,,Sexuelle Ausbeutung,,,,53.0
2022,Anzahl,14 bis unter 18 Jahre,,Sexuelle Ausbeutung,,,,49.0
2023,Anzahl,14 bis unter 18 Jahre,,Sexuelle Ausbeutung,r,,,65.0
2024,Anzahl,14 bis unter 18 Jahre,,Sexuelle Ausbeutung,,,,44.0
2010,Anzahl,18 bis unter 21 Jahre,,Sexuelle Ausbeutung,,,,254.0
2011,Anzahl,18 bis unter 21 Jahre,,Sexuelle Ausbeutung,,,,268.0
2012,Anzahl,18 bis unter 21 Jahre,,Sexuelle Ausbeutung,,,,223.0
2013,Anzahl,18 bis unter 21 Jahre,,Sexuelle Ausbeutung,,,,209.0
2014,Anzahl,18 bis unter 21 Jahre,,Sexuelle Ausbeutung,,,,209.0
2015,Anzahl,18 bis unter 21 Jahre,,Sexuelle Ausbeutung,,,,148.0
2016,Anzahl,18 bis unter 21 Jahre,,Sexuelle Ausbeutung,,,,118.0
2017,Anzahl,18 bis unter 21 Jahre,,Sexuelle Ausbeutung,,,,157.0
2018,Anzahl,18 bis unter 21 Jahre,,Sexuelle Ausbeutung,,,,130.0
2019,Anzahl,18 bis unter 21 Jahre,,Sexuelle Ausbeutung,,,,76.0
2020,Anzahl,18 bis unter 21 Jahre,,Sexuelle Ausbeutung,,,,88.0
2021,Anzahl,18 bis unter 21 Jahre,,Sexuelle Ausbeutung,,,,77.0
2022,Anzahl,18 bis unter 21 Jahre,,Sexuelle Ausbeutung,,,,96.0
2023,Anzahl,18 bis unter 21 Jahre,,Sexuelle Ausbeutung,r,,,68.0
2024,Anzahl,18 bis unter 21 Jahre,,Sexuelle Ausbeutung,,,,78.0
2010,Anzahl,21 bis unter 25 Jahre,,Sexuelle Ausbeutung,,,,127.0
2011,Anzahl,21 bis unter 25 Jahre,,Sexuelle Ausbeutung,,,,135.0
2012,Anzahl,21 bis unter 25 Jahre,,Sexuelle Ausbeutung,,,,123.0
2013,Anzahl,21 bis unter 25 Jahre,,Sexuelle Ausbeutung,,,,111.0
2014,Anzahl,21 bis unter 25 Jahre,,Sexuelle Ausbeutung,,,,115.0
2015,Anzahl,21 bis unter 25 Jahre,,Sexuelle Ausbeutung,,,,68.0
2016,Anzahl,21 bis unter 25 Jahre,,Sexuelle Ausbeutung,,,,109.0
2017,Anzahl,21 bis unter 25 Jahre,,Sexuelle Ausbeutung,,,,110.0
2018,Anzahl,21 bis unter 25 Jahre,,Sexuelle Ausbeutung,,,,93.0
2019,Anzahl,21 bis unter 25 Jahre,,Sexuelle Ausbeutung,,,,79.0
2020,Anzahl,21 bis unter 25 Jahre,,Sexuelle Ausbeutung,,,,78.0
2021,Anzahl,21 bis unter 25 Jahre,,Sexuelle Ausbeutung,,,,83.0
2022,Anzahl,21 bis unter 25 Jahre,,Sexuelle Ausbeutung,,,,91.0
2023,Anzahl,21 bis unter 25 Jahre,,Sexuelle Ausbeutung,,,,78.0
2024,Anzahl,21 bis unter 25 Jahre,,Sexuelle Ausbeutung,,,,65.0
2010,Anzahl,25 Jahre und älter,,Sexuelle Ausbeutung,,,,129.0
2011,Anzahl,25 Jahre und älter,,Sexuelle Ausbeutung,,,,133.0
2012,Anzahl,25 Jahre und älter,,Sexuelle Ausbeutung,,,,156.0
2013,Anzahl,25 Jahre und älter,,Sexuelle Ausbeutung,,,,142.0
2014,Anzahl,25 Jahre und älter,,Sexuelle Ausbeutung,,,,164.0
2015,Anzahl,25 Jahre und älter,,Sexuelle Ausbeutung,,,,98.0
2016,Anzahl,25 Jahre und älter,,Sexuelle Ausbeutung,,,,142.0
2017,Anzahl,25 Jahre und älter,,Sexuelle Ausbeutung,,,,149.0
2018,Anzahl,25 Jahre und älter,,Sexuelle Ausbeutung,,,,126.0
2019,Anzahl,25 Jahre und älter,,Sexuelle Ausbeutung,,,,205.0
2020,Anzahl,25 Jahre und älter,,Sexuelle Ausbeutung,,,,146.0
2021,Anzahl,25 Jahre und älter,,Sexuelle Ausbeutung,,,,181.0
2022,Anzahl,25 Jahre und älter,,Sexuelle Ausbeutung,,,,223.0
2023,Anzahl,25 Jahre und älter,,Sexuelle Ausbeutung,r,,,196.0
2024,Anzahl,25 Jahre und älter,,Sexuelle Ausbeutung,,,,254.0
2010,Anzahl,Alter unbekannt,,Sexuelle Ausbeutung,,,,8.0
2011,Anzahl,Alter unbekannt,,Sexuelle Ausbeutung,,,,13.0
2012,Anzahl,Alter unbekannt,,Sexuelle Ausbeutung,,,,10.0
2013,Anzahl,Alter unbekannt,,Sexuelle Ausbeutung,,,,10.0
2014,Anzahl,Alter unbekannt,,Sexuelle Ausbeutung,,,,12.0
2015,Anzahl,Alter unbekannt,,Sexuelle Ausbeutung,,,,25.0
2016,Anzahl,Alter unbekannt,,Sexuelle Ausbeutung,,,,23.0
2017,Anzahl,Alter unbekannt,,Sexuelle Ausbeutung,,,,11.0
2018,Anzahl,Alter unbekannt,,Sexuelle Ausbeutung,,,,13.0
2019,Anzahl,Alter unbekannt,,Sexuelle Ausbeutung,,,,6.0
2020,Anzahl,Alter unbekannt,,Sexuelle Ausbeutung,,,,15.0
2021,Anzahl,Alter unbekannt,,Sexuelle Ausbeutung,,,,22.0
2022,Anzahl,Alter unbekannt,,Sexuelle Ausbeutung,,,,10.0
2023,Anzahl,Alter unbekannt,,Sexuelle Ausbeutung,,,,20.0
2024,Anzahl,Alter unbekannt,,Sexuelle Ausbeutung,,,,20.0
2010,Anzahl,,Weiblich,Ausbeutung der Arbeitskraft,.,,,
2011,Anzahl,,Weiblich,Ausbeutung der Arbeitskraft,.,,,
2012,Anzahl,,Weiblich,Ausbeutung der Arbeitskraft,,,,7.0
2013,Anzahl,,Weiblich,Ausbeutung der Arbeitskraft,,,,13.0
2014,Anzahl,,Weiblich,Ausbeutung der Arbeitskraft,,,,4.0
2015,Anzahl,,Weiblich,Ausbeutung der Arbeitskraft,,,,8.0
2016,Anzahl,,Weiblich,Ausbeutung der Arbeitskraft,,,,13.0
2017,Anzahl,,Weiblich,Ausbeutung der Arbeitskraft,,,,25.0
2018,Anzahl,,Weiblich,Ausbeutung der Arbeitskraft,,,,8.0
2019,Anzahl,,Weiblich,Ausbeutung der Arbeitskraft,,,,19.0
2020,Anzahl,,Weiblich,Ausbeutung der Arbeitskraft,,,,18.0
2021,Anzahl,,Weiblich,Ausbeutung der Arbeitskraft,,,,72.0
2022,Anzahl,,Weiblich,Ausbeutung der Arbeitskraft,,,,266.0
2023,Anzahl,,Weiblich,Ausbeutung der Arbeitskraft,,,,53.0
2024,Anzahl,,Weiblich,Ausbeutung der Arbeitskraft,,,,25.0
2010,Anzahl,,Männlich,Ausbeutung der Arbeitskraft,.,,,
2011,Anzahl,,Männlich,Ausbeutung der Arbeitskraft,.,,,
2012,Anzahl,,Männlich,Ausbeutung der Arbeitskraft,,,,5.0
2013,Anzahl,,Männlich,Ausbeutung der Arbeitskraft,,,,47.0
2014,Anzahl,,Männlich,Ausbeutung der Arbeitskraft,,,,22.0
2015,Anzahl,,Männlich,Ausbeutung der Arbeitskraft,,,,44.0
2016,Anzahl,,Männlich,Ausbeutung der Arbeitskraft,,,,34.0
2017,Anzahl,,Männlich,Ausbeutung der Arbeitskraft,,,,154.0
2018,Anzahl,,Männlich,Ausbeutung der Arbeitskraft,,,,54.0
2019,Anzahl,,Männlich,Ausbeutung der Arbeitskraft,,,,24.0
2020,Anzahl,,Männlich,Ausbeutung der Arbeitskraft,,,,55.0
2021,Anzahl,,Männlich,Ausbeutung der Arbeitskraft,,,,74.0
2022,Anzahl,,Männlich,Ausbeutung der Arbeitskraft,,,,747.0
2023,Anzahl,,Männlich,Ausbeutung der Arbeitskraft,,,,129.0
2024,Anzahl,,Männlich,Ausbeutung der Arbeitskraft,,,,145.0
2010,Anzahl,,Unbekannt,Ausbeutung der Arbeitskraft,.,,,
2011,Anzahl,,Unbekannt,Ausbeutung der Arbeitskraft,.,,,
2012,Anzahl,,Unbekannt,Ausbeutung der Arbeitskraft,,,,2.0
2013,Anzahl,,Unbekannt,Ausbeutung der Arbeitskraft,,,,1.0
2014,Anzahl,,Unbekannt,Ausbeutung der Arbeitskraft,,,,0.0
2015,Anzahl,,Unbekannt,Ausbeutung der Arbeitskraft,,,,2.0
2016,Anzahl,,Unbekannt,Ausbeutung der Arbeitskraft,,,,1.0
2017,Anzahl,,Unbekannt,Ausbeutung der Arbeitskraft,,,,1.0
2018,Anzahl,,Unbekannt,Ausbeutung der Arbeitskraft,,,,1.0
2019,Anzahl,,Unbekannt,Ausbeutung der Arbeitskraft,,,,0.0
2020,Anzahl,,Unbekannt,Ausbeutung der Arbeitskraft,,,,0.0
2021,Anzahl,,Unbekannt,Ausbeutung der Arbeitskraft,,,,1.0
2022,Anzahl,,Unbekannt,Ausbeutung der Arbeitskraft,,,,6.0
2023,Anzahl,,Unbekannt,Ausbeutung der Arbeitskraft,,,,1.0
2024,Anzahl,,Unbekannt,Ausbeutung der Arbeitskraft,,,,1.0
2010,Anzahl,,Weiblich,Sexuelle Ausbeutung,,,,588.0
2011,Anzahl,,Weiblich,Sexuelle Ausbeutung,,,,599.0
2012,Anzahl,,Weiblich,Sexuelle Ausbeutung,,,,590.0
2013,Anzahl,,Weiblich,Sexuelle Ausbeutung,,,,518.0
2014,Anzahl,,Weiblich,Sexuelle Ausbeutung,,,,531.0
2015,Anzahl,,Weiblich,Sexuelle Ausbeutung,,,,399.0
2016,Anzahl,,Weiblich,Sexuelle Ausbeutung,,,,466.0
2017,Anzahl,,Weiblich,Sexuelle Ausbeutung,,,,484.0
2018,Anzahl,,Weiblich,Sexuelle Ausbeutung,,,,413.0
2019,Anzahl,,Weiblich,Sexuelle Ausbeutung,,,,405.0
2020,Anzahl,,Weiblich,Sexuelle Ausbeutung,,,,381.0
2021,Anzahl,,Weiblich,Sexuelle Ausbeutung,,,,387.0
2022,Anzahl,,Weiblich,Sexuelle Ausbeutung,,,,453.0
2023,Anzahl,,Weiblich,Sexuelle Ausbeutung,r,,,407.0
2024,Anzahl,,Weiblich,Sexuelle Ausbeutung,,,,449.0
2010,Anzahl,,Männlich,Sexuelle Ausbeutung,,,,17.0
2011,Anzahl,,Männlich,Sexuelle Ausbeutung,,,,34.0
2012,Anzahl,,Männlich,Sexuelle Ausbeutung,,,,19.0
2013,Anzahl,,Männlich,Sexuelle Ausbeutung,,,,23.0
2014,Anzahl,,Männlich,Sexuelle Ausbeutung,,,,26.0
2015,Anzahl,,Männlich,Sexuelle Ausbeutung,,,,11.0
2016,Anzahl,,Männlich,Sexuelle Ausbeutung,,,,17.0
2017,Anzahl,,Männlich,Sexuelle Ausbeutung,,,,4.0
2018,Anzahl,,Männlich,Sexuelle Ausbeutung,,,,14.0
2019,Anzahl,,Männlich,Sexuelle Ausbeutung,,,,22.0
2020,Anzahl,,Männlich,Sexuelle Ausbeutung,,,,23.0
2021,Anzahl,,Männlich,Sexuelle Ausbeutung,,,,23.0
2022,Anzahl,,Männlich,Sexuelle Ausbeutung,,,,16.0
2023,Anzahl,,Männlich,Sexuelle Ausbeutung,,,,13.0
2024,Anzahl,,Männlich,Sexuelle Ausbeutung,,,,12.0
2010,Anzahl,,Unbekannt,Sexuelle Ausbeutung,,,,5.0
2011,Anzahl,,Unbekannt,Sexuelle Ausbeutung,,,,6.0
2012,Anzahl,,Unbekannt,Sexuelle Ausbeutung,,,,3.0
2013,Anzahl,,Unbekannt,Sexuelle Ausbeutung,,,,1.0
2014,Anzahl,,Unbekannt,Sexuelle Ausbeutung,,,,0.0
2015,Anzahl,,Unbekannt,Sexuelle Ausbeutung,,,,6.0
2016,Anzahl,,Unbekannt,Sexuelle Ausbeutung,,,,5.0
2017,Anzahl,,Unbekannt,Sexuelle Ausbeutung,,,,1.0
2018,Anzahl,,Unbekannt,Sexuelle Ausbeutung,,,,3.0
2019,Anzahl,,Unbekannt,Sexuelle Ausbeutung,,,,0.0
2020,Anzahl,,Unbekannt,Sexuelle Ausbeutung,,,,2.0
2021,Anzahl,,Unbekannt,Sexuelle Ausbeutung,,,,7.0
2022,Anzahl,,Unbekannt,Sexuelle Ausbeutung,,,,7.0
2023,Anzahl,,Unbekannt,Sexuelle Ausbeutung,,,,8.0
2024,Anzahl,,Unbekannt,Sexuelle Ausbeutung,,,,4.0
