Year,COMMENT_OBS_0,COMMENT_OBS_1,COMMENT_OBS_2,Series,Value
2010,.,,,Pflanzengenetische Ressourcen,
2011,.,,,Pflanzengenetische Ressourcen,
2012,.,,,Pflanzengenetische Ressourcen,
2013,.,,,Pflanzengenetische Ressourcen,
2014,,,,Pflanzengenetische Ressourcen,174266.0
2015,.,,,Pflanzengenetische Ressourcen,
2016,,,,Pflanzengenetische Ressourcen,174405.0
2017,,,,Pflanzengenetische Ressourcen,177387.0
2018,,,,Pflanzengenetische Ressourcen,179498.0
2019,,,,Pflanzengenetische Ressourcen,181637.0
2020,,,,Pflanzengenetische Ressourcen,181574.0
2021,,,,Pflanzengenetische Ressourcen,182018.0
2022,,,,Pflanzengenetische Ressourcen,183488.0
2023,,,,Pflanzengenetische Ressourcen,183763.0
2024,,,,Pflanzengenetische Ressourcen,184995.0
2010,.,,,Tiergenetische Ressourcen,
2011,.,,,Tiergenetische Ressourcen,
2012,.,,,Tiergenetische Ressourcen,
2013,.,,,Tiergenetische Ressourcen,
2014,.,,,Tiergenetische Ressourcen,
2015,.,,,Tiergenetische Ressourcen,
2016,.,,,Tiergenetische Ressourcen,
2017,,,,Tiergenetische Ressourcen,28.0
2018,,,,Tiergenetische Ressourcen,28.0
2019,,,,Tiergenetische Ressourcen,28.0
2020,,,,Tiergenetische Ressourcen,28.0
2021,,,,Tiergenetische Ressourcen,28.0
2022,,,,Tiergenetische Ressourcen,28.0
2023,,,,Tiergenetische Ressourcen,28.0
2024,,,,Tiergenetische Ressourcen,30.0
