Year,Erkrankung,Value
2010,a) Herz-Kreislauferkrankung,45.0
2011,a) Herz-Kreislauferkrankung,41.8
2012,a) Herz-Kreislauferkrankung,41.3
2013,a) Herz-Kreislauferkrankung,41.4
2014,a) Herz-Kreislauferkrankung,40.0
2015,a) Herz-Kreislauferkrankung,42.3
2016,a) Herz-Kreislauferkrankung,41.6
2017,a) Herz-Kreislauferkrankung,40.9
2018,a) Herz-Kreislauferkrankung,41.8
2019,a) Herz-Kreislauferkrankung,39.8
2020,a) Herz-Kreislauferkrankung,40.7
2021,a) Herz-Kreislauferkrankung,41.9
2022,a) Herz-Kreislauferkrankung,42.2
2010,b) Bösartige Neubildungen,77.9
2011,b) Bösartige Neubildungen,76.9
2012,b) Bösartige Neubildungen,75.0
2013,b) Bösartige Neubildungen,75.0
2014,b) Bösartige Neubildungen,73.2
2015,b) Bösartige Neubildungen,74.7
2016,b) Bösartige Neubildungen,76.4
2017,b) Bösartige Neubildungen,75.4
2018,b) Bösartige Neubildungen,76.1
2019,b) Bösartige Neubildungen,74.7
2020,b) Bösartige Neubildungen,74.2
2021,b) Bösartige Neubildungen,72.9
2022,b) Bösartige Neubildungen,73.3
2010,c) Diabetes mellitus,3.5
2011,c) Diabetes mellitus,3.4
2012,c) Diabetes mellitus,3.4
2013,c) Diabetes mellitus,3.5
2014,c) Diabetes mellitus,3.3
2015,c) Diabetes mellitus,3.6
2016,c) Diabetes mellitus,3.5
2017,c) Diabetes mellitus,3.8
2018,c) Diabetes mellitus,3.8
2019,c) Diabetes mellitus,3.7
2020,c) Diabetes mellitus,3.8
2021,c) Diabetes mellitus,3.9
2022,c) Diabetes mellitus,3.9
2010,d) Chronische Atemwegserkrankungen,7.4
2011,d) Chronische Atemwegserkrankungen,7.5
2012,d) Chronische Atemwegserkrankungen,7.1
2013,d) Chronische Atemwegserkrankungen,8.0
2014,d) Chronische Atemwegserkrankungen,7.6
2015,d) Chronische Atemwegserkrankungen,8.7
2016,d) Chronische Atemwegserkrankungen,8.8
2017,d) Chronische Atemwegserkrankungen,9.4
2018,d) Chronische Atemwegserkrankungen,9.7
2019,d) Chronische Atemwegserkrankungen,9.7
2020,d) Chronische Atemwegserkrankungen,9.3
2021,d) Chronische Atemwegserkrankungen,9.1
2022,d) Chronische Atemwegserkrankungen,10.4
