Year,Alter der Mutter,COMMENT_OBS_0,COMMENT_OBS_1,COMMENT_OBS_2,Value
2010,10 bis unter 15 Jahre,,,,0.1
2011,10 bis unter 15 Jahre,,,,0.1
2012,10 bis unter 15 Jahre,,,,0.1
2013,10 bis unter 15 Jahre,,,,0.1
2014,10 bis unter 15 Jahre,,,,0.1
2015,10 bis unter 15 Jahre,,,,0.1
2016,10 bis unter 15 Jahre,,,,0.1
2017,10 bis unter 15 Jahre,,,,0.1
2018,10 bis unter 15 Jahre,,,,0.1
2019,10 bis unter 15 Jahre,,,,0.1
2020,10 bis unter 15 Jahre,,,,0.1
2021,10 bis unter 15 Jahre,,,,0.1
2022,10 bis unter 15 Jahre,,,,0.1
2023,10 bis unter 15 Jahre,,,,0.1
2024,10 bis unter 15 Jahre,,,,0.1
2010,15 bis unter 20 Jahre,,,,9.3
2011,15 bis unter 20 Jahre,,,,8.3
2012,15 bis unter 20 Jahre,,,,8.0
2013,15 bis unter 20 Jahre,,,,7.8
2014,15 bis unter 20 Jahre,,,,7.8
2015,15 bis unter 20 Jahre,,,,7.9
2016,15 bis unter 20 Jahre,,,,9.2
2017,15 bis unter 20 Jahre,,,,8.1
2018,15 bis unter 20 Jahre,,,,7.4
2019,15 bis unter 20 Jahre,,,,6.9
2020,15 bis unter 20 Jahre,,,,6.5
2021,15 bis unter 20 Jahre,,,,5.9
2022,15 bis unter 20 Jahre,,,,5.9
2023,15 bis unter 20 Jahre,,,,5.6
2024,15 bis unter 20 Jahre,,,,5.5
