Year,Zeitreihe,Value
2010,Bruttoentwicklungsausgaben für medizinische Forschung und den Basisgesundheitssektor,170.4
2011,Bruttoentwicklungsausgaben für medizinische Forschung und den Basisgesundheitssektor,112.9
2012,Bruttoentwicklungsausgaben für medizinische Forschung und den Basisgesundheitssektor,139.9
2013,Bruttoentwicklungsausgaben für medizinische Forschung und den Basisgesundheitssektor,209.6
2014,Bruttoentwicklungsausgaben für medizinische Forschung und den Basisgesundheitssektor,227.4
2015,Bruttoentwicklungsausgaben für medizinische Forschung und den Basisgesundheitssektor,287.6
2016,Bruttoentwicklungsausgaben für medizinische Forschung und den Basisgesundheitssektor,343.8
2017,Bruttoentwicklungsausgaben für medizinische Forschung und den Basisgesundheitssektor,413.8
