Year,Bildungsstand,Geschlecht,COMMENT_OBS_0,COMMENT_OBS_1,COMMENT_OBS_2,Value
2010,Sekundarstufe I (ISCED-Stufe 2),,,,,93.9
2011,Sekundarstufe I (ISCED-Stufe 2),,,,,92.8
2012,Sekundarstufe I (ISCED-Stufe 2),,,,,93.1
2013,Sekundarstufe I (ISCED-Stufe 2),,,,,93.5
2014,Sekundarstufe I (ISCED-Stufe 2),,,,,93.8
2015,Sekundarstufe I (ISCED-Stufe 2),,,,,93.5
2016,Sekundarstufe I (ISCED-Stufe 2),,.,,,
2017,Sekundarstufe I (ISCED-Stufe 2),,.,,,
2018,Sekundarstufe I (ISCED-Stufe 2),,,,,92.8
2019,Sekundarstufe I (ISCED-Stufe 2),,,,,92.9
2020,Sekundarstufe I (ISCED-Stufe 2),,|,,,93.0
2021,Sekundarstufe I (ISCED-Stufe 2),,,,,91.6
2022,Sekundarstufe I (ISCED-Stufe 2),,,,,90.8
2023,Sekundarstufe I (ISCED-Stufe 2),,p,,,91.3
2010,Sekundarstufe I (ISCED-Stufe 2),Weiblich,,,,94.6
2011,Sekundarstufe I (ISCED-Stufe 2),Weiblich,,,,93.5
2012,Sekundarstufe I (ISCED-Stufe 2),Weiblich,,,,93.8
2013,Sekundarstufe I (ISCED-Stufe 2),Weiblich,,,,93.9
2014,Sekundarstufe I (ISCED-Stufe 2),Weiblich,,,,94.2
2015,Sekundarstufe I (ISCED-Stufe 2),Weiblich,,,,94.2
2016,Sekundarstufe I (ISCED-Stufe 2),Weiblich,.,,,
2017,Sekundarstufe I (ISCED-Stufe 2),Weiblich,.,,,
2018,Sekundarstufe I (ISCED-Stufe 2),Weiblich,,,,93.7
2019,Sekundarstufe I (ISCED-Stufe 2),Weiblich,,,,93.8
2020,Sekundarstufe I (ISCED-Stufe 2),Weiblich,|,,,94.6
2021,Sekundarstufe I (ISCED-Stufe 2),Weiblich,,,,92.8
2022,Sekundarstufe I (ISCED-Stufe 2),Weiblich,,,,91.8
2023,Sekundarstufe I (ISCED-Stufe 2),Weiblich,p,,,92.6
2010,Sekundarstufe I (ISCED-Stufe 2),Männlich,,,,93.3
2011,Sekundarstufe I (ISCED-Stufe 2),Männlich,,,,92.2
2012,Sekundarstufe I (ISCED-Stufe 2),Männlich,,,,92.5
2013,Sekundarstufe I (ISCED-Stufe 2),Männlich,,,,93.0
2014,Sekundarstufe I (ISCED-Stufe 2),Männlich,,,,93.4
2015,Sekundarstufe I (ISCED-Stufe 2),Männlich,,,,92.9
2016,Sekundarstufe I (ISCED-Stufe 2),Männlich,.,,,
2017,Sekundarstufe I (ISCED-Stufe 2),Männlich,.,,,
2018,Sekundarstufe I (ISCED-Stufe 2),Männlich,,,,92.1
2019,Sekundarstufe I (ISCED-Stufe 2),Männlich,,,,92.1
2020,Sekundarstufe I (ISCED-Stufe 2),Männlich,|,,,91.6
2021,Sekundarstufe I (ISCED-Stufe 2),Männlich,,,,90.6
2022,Sekundarstufe I (ISCED-Stufe 2),Männlich,,,,89.9
2023,Sekundarstufe I (ISCED-Stufe 2),Männlich,p,,,90.0
2010,Sekundarstufe II (ISCED-Stufe 3),,,,,77.2
2011,Sekundarstufe II (ISCED-Stufe 3),,,,,77.4
2012,Sekundarstufe II (ISCED-Stufe 3),,,,,76.7
2013,Sekundarstufe II (ISCED-Stufe 3),,,,,78.4
2014,Sekundarstufe II (ISCED-Stufe 3),,,,,78.9
2015,Sekundarstufe II (ISCED-Stufe 3),,,,,79.0
2016,Sekundarstufe II (ISCED-Stufe 3),,.,,,
2017,Sekundarstufe II (ISCED-Stufe 3),,.,,,
2018,Sekundarstufe II (ISCED-Stufe 3),,,,,79.2
2019,Sekundarstufe II (ISCED-Stufe 3),,,,,79.5
2020,Sekundarstufe II (ISCED-Stufe 3),,|,,,80.6
2021,Sekundarstufe II (ISCED-Stufe 3),,,,,77.1
2022,Sekundarstufe II (ISCED-Stufe 3),,,,,76.7
2023,Sekundarstufe II (ISCED-Stufe 3),,p,,,77.1
2010,Sekundarstufe II (ISCED-Stufe 3),Weiblich,,,,79.1
2011,Sekundarstufe II (ISCED-Stufe 3),Weiblich,,,,79.2
2012,Sekundarstufe II (ISCED-Stufe 3),Weiblich,,,,78.7
2013,Sekundarstufe II (ISCED-Stufe 3),Weiblich,,,,79.9
2014,Sekundarstufe II (ISCED-Stufe 3),Weiblich,,,,80.2
2015,Sekundarstufe II (ISCED-Stufe 3),Weiblich,,,,80.7
2016,Sekundarstufe II (ISCED-Stufe 3),Weiblich,.,,,
2017,Sekundarstufe II (ISCED-Stufe 3),Weiblich,.,,,
2018,Sekundarstufe II (ISCED-Stufe 3),Weiblich,,,,81.7
2019,Sekundarstufe II (ISCED-Stufe 3),Weiblich,,,,82.1
2020,Sekundarstufe II (ISCED-Stufe 3),Weiblich,|,,,84.3
2021,Sekundarstufe II (ISCED-Stufe 3),Weiblich,,,,80.7
2022,Sekundarstufe II (ISCED-Stufe 3),Weiblich,,,,80.0
2023,Sekundarstufe II (ISCED-Stufe 3),Weiblich,p,,,80.6
2010,Sekundarstufe II (ISCED-Stufe 3),Männlich,,,,75.3
2011,Sekundarstufe II (ISCED-Stufe 3),Männlich,,,,75.7
2012,Sekundarstufe II (ISCED-Stufe 3),Männlich,,,,74.9
2013,Sekundarstufe II (ISCED-Stufe 3),Männlich,,,,77.0
2014,Sekundarstufe II (ISCED-Stufe 3),Männlich,,,,77.6
2015,Sekundarstufe II (ISCED-Stufe 3),Männlich,,,,77.4
2016,Sekundarstufe II (ISCED-Stufe 3),Männlich,.,,,
2017,Sekundarstufe II (ISCED-Stufe 3),Männlich,.,,,
2018,Sekundarstufe II (ISCED-Stufe 3),Männlich,,,,76.9
2019,Sekundarstufe II (ISCED-Stufe 3),Männlich,,,,77.2
2020,Sekundarstufe II (ISCED-Stufe 3),Männlich,|,,,77.2
2021,Sekundarstufe II (ISCED-Stufe 3),Männlich,,,,73.8
2022,Sekundarstufe II (ISCED-Stufe 3),Männlich,,,,73.7
2023,Sekundarstufe II (ISCED-Stufe 3),Männlich,p,,,73.9
