Year,Zeitreihe,COMMENT_OBS_0,COMMENT_OBS_1,COMMENT_OBS_2,Value
2010,Fließgewässer mit gutem ökologischem Zustand für Gesamt-Phosphor,,,,31.3
2011,Fließgewässer mit gutem ökologischem Zustand für Gesamt-Phosphor,,,,36.9
2012,Fließgewässer mit gutem ökologischem Zustand für Gesamt-Phosphor,,,,34.7
2013,Fließgewässer mit gutem ökologischem Zustand für Gesamt-Phosphor,,,,35.3
2014,Fließgewässer mit gutem ökologischem Zustand für Gesamt-Phosphor,,,,33.6
2015,Fließgewässer mit gutem ökologischem Zustand für Gesamt-Phosphor,,,,30.0
2016,Fließgewässer mit gutem ökologischem Zustand für Gesamt-Phosphor,,,,36.9
2017,Fließgewässer mit gutem ökologischem Zustand für Gesamt-Phosphor,,,,34.8
2018,Fließgewässer mit gutem ökologischem Zustand für Gesamt-Phosphor,,,,43.7
2019,Fließgewässer mit gutem ökologischem Zustand für Gesamt-Phosphor,,,,41.6
2020,Fließgewässer mit gutem ökologischem Zustand für Gesamt-Phosphor,,,,41.7
2021,Fließgewässer mit gutem ökologischem Zustand für Gesamt-Phosphor,,,,43.4
2022,Fließgewässer mit gutem ökologischem Zustand für Gesamt-Phosphor,,,,42.7
2023,Fließgewässer mit gutem ökologischem Zustand für Gesamt-Phosphor,,,,41.8
2010,Grundwassermessstellen unterhalb des Schwellenwertes für Nitrat,,,,81.7
2011,Grundwassermessstellen unterhalb des Schwellenwertes für Nitrat,,,,82.0
2012,Grundwassermessstellen unterhalb des Schwellenwertes für Nitrat,,,,81.0
2013,Grundwassermessstellen unterhalb des Schwellenwertes für Nitrat,,,,81.4
2014,Grundwassermessstellen unterhalb des Schwellenwertes für Nitrat,,,,81.8
2015,Grundwassermessstellen unterhalb des Schwellenwertes für Nitrat,,,,81.0
2016,Grundwassermessstellen unterhalb des Schwellenwertes für Nitrat,,,,81.8
2017,Grundwassermessstellen unterhalb des Schwellenwertes für Nitrat,,,,83.1
2018,Grundwassermessstellen unterhalb des Schwellenwertes für Nitrat,,,,82.7
2019,Grundwassermessstellen unterhalb des Schwellenwertes für Nitrat,,,,84.2
2020,Grundwassermessstellen unterhalb des Schwellenwertes für Nitrat,,,,84.1
2021,Grundwassermessstellen unterhalb des Schwellenwertes für Nitrat,,,,84.0
2022,Grundwassermessstellen unterhalb des Schwellenwertes für Nitrat,,,,84.0
2023,Grundwassermessstellen unterhalb des Schwellenwertes für Nitrat,,,,85.0
