Year,Units,Geschlecht,Bundesland,GeoCode,COMMENT_OBS_0,COMMENT_OBS_1,COMMENT_OBS_2,Series,Value
2010,EUR pro Stunde,,,,.,,,Durchschnittlicher Stundenverdienst von Beschäftigten,
2011,EUR pro Stunde,,,,.,,,Durchschnittlicher Stundenverdienst von Beschäftigten,
2012,EUR pro Stunde,,,,.,,,Durchschnittlicher Stundenverdienst von Beschäftigten,
2013,EUR pro Stunde,,,,.,,,Durchschnittlicher Stundenverdienst von Beschäftigten,
2014,EUR pro Stunde,,,,,,,Durchschnittlicher Stundenverdienst von Beschäftigten,17.78
2015,EUR pro Stunde,,,,.,,,Durchschnittlicher Stundenverdienst von Beschäftigten,
2016,EUR pro Stunde,,,,.,,,Durchschnittlicher Stundenverdienst von Beschäftigten,
2017,EUR pro Stunde,,,,.,,,Durchschnittlicher Stundenverdienst von Beschäftigten,
2018,EUR pro Stunde,,,,,,,Durchschnittlicher Stundenverdienst von Beschäftigten,19.66
2019,EUR pro Stunde,,,,.,,,Durchschnittlicher Stundenverdienst von Beschäftigten,
2020,EUR pro Stunde,,,,.,,,Durchschnittlicher Stundenverdienst von Beschäftigten,
2021,EUR pro Stunde,,,,.,,,Durchschnittlicher Stundenverdienst von Beschäftigten,
2022,EUR pro Stunde,,,,,,,Durchschnittlicher Stundenverdienst von Beschäftigten,22.36
2023,EUR pro Stunde,,,,,,,Durchschnittlicher Stundenverdienst von Beschäftigten,23.3
2024,EUR pro Stunde,,,,,,,Durchschnittlicher Stundenverdienst von Beschäftigten,24.41
2025,EUR pro Stunde,,,,,,,Durchschnittlicher Stundenverdienst von Beschäftigten,25.05
2010,EUR pro Stunde,Weiblich,,,,,,Durchschnittlicher Stundenverdienst von Beschäftigten,14.62
2011,EUR pro Stunde,Weiblich,,,,,,Durchschnittlicher Stundenverdienst von Beschäftigten,14.88
2012,EUR pro Stunde,Weiblich,,,,,,Durchschnittlicher Stundenverdienst von Beschäftigten,15.18
2013,EUR pro Stunde,Weiblich,,,,,,Durchschnittlicher Stundenverdienst von Beschäftigten,15.5
2014,EUR pro Stunde,Weiblich,,,,,,Durchschnittlicher Stundenverdienst von Beschäftigten,15.44
2015,EUR pro Stunde,Weiblich,,,,,,Durchschnittlicher Stundenverdienst von Beschäftigten,15.82
2016,EUR pro Stunde,Weiblich,,,,,,Durchschnittlicher Stundenverdienst von Beschäftigten,16.3
2017,EUR pro Stunde,Weiblich,,,,,,Durchschnittlicher Stundenverdienst von Beschäftigten,16.66
2018,EUR pro Stunde,Weiblich,,,,,,Durchschnittlicher Stundenverdienst von Beschäftigten,17.33
2019,EUR pro Stunde,Weiblich,,,,,,Durchschnittlicher Stundenverdienst von Beschäftigten,17.98
2020,EUR pro Stunde,Weiblich,,,,,,Durchschnittlicher Stundenverdienst von Beschäftigten,18.62
2021,EUR pro Stunde,Weiblich,,,,,,Durchschnittlicher Stundenverdienst von Beschäftigten,19.12
2022,EUR pro Stunde,Weiblich,,,,,,Durchschnittlicher Stundenverdienst von Beschäftigten,20.05
2023,EUR pro Stunde,Weiblich,,,,,,Durchschnittlicher Stundenverdienst von Beschäftigten,20.84
2024,EUR pro Stunde,Weiblich,,,,,,Durchschnittlicher Stundenverdienst von Beschäftigten,22.24
2025,EUR pro Stunde,Weiblich,,,,,,Durchschnittlicher Stundenverdienst von Beschäftigten,22.81
2010,EUR pro Stunde,Männlich,,,,,,Durchschnittlicher Stundenverdienst von Beschäftigten,18.81
2011,EUR pro Stunde,Männlich,,,,,,Durchschnittlicher Stundenverdienst von Beschäftigten,19.17
2012,EUR pro Stunde,Männlich,,,,,,Durchschnittlicher Stundenverdienst von Beschäftigten,19.63
2013,EUR pro Stunde,Männlich,,,,,,Durchschnittlicher Stundenverdienst von Beschäftigten,19.89
2014,EUR pro Stunde,Männlich,,,,,,Durchschnittlicher Stundenverdienst von Beschäftigten,19.87
2015,EUR pro Stunde,Männlich,,,,,,Durchschnittlicher Stundenverdienst von Beschäftigten,20.24
2016,EUR pro Stunde,Männlich,,,,,,Durchschnittlicher Stundenverdienst von Beschäftigten,20.67
2017,EUR pro Stunde,Männlich,,,,,,Durchschnittlicher Stundenverdienst von Beschäftigten,20.94
2018,EUR pro Stunde,Männlich,,,,,,Durchschnittlicher Stundenverdienst von Beschäftigten,21.7
2019,EUR pro Stunde,Männlich,,,,,,Durchschnittlicher Stundenverdienst von Beschäftigten,22.26
2020,EUR pro Stunde,Männlich,,,,,,Durchschnittlicher Stundenverdienst von Beschäftigten,22.78
2021,EUR pro Stunde,Männlich,,,,,,Durchschnittlicher Stundenverdienst von Beschäftigten,23.2
2022,EUR pro Stunde,Männlich,,,,,,Durchschnittlicher Stundenverdienst von Beschäftigten,24.36
2023,EUR pro Stunde,Männlich,,,,,,Durchschnittlicher Stundenverdienst von Beschäftigten,25.3
2024,EUR pro Stunde,Männlich,,,,,,Durchschnittlicher Stundenverdienst von Beschäftigten,26.34
2025,EUR pro Stunde,Männlich,,,,,,Durchschnittlicher Stundenverdienst von Beschäftigten,27.05
2010,Prozent,,,,,,,Verdienstabstand,22.0
2011,Prozent,,,,,,,Verdienstabstand,22.0
2012,Prozent,,,,,,,Verdienstabstand,23.0
2013,Prozent,,,,,,,Verdienstabstand,22.0
2014,Prozent,,,,,,,Verdienstabstand,22.0
2015,Prozent,,,,,,,Verdienstabstand,22.0
2016,Prozent,,,,,,,Verdienstabstand,21.0
2017,Prozent,,,,,,,Verdienstabstand,20.0
2018,Prozent,,,,,,,Verdienstabstand,20.0
2019,Prozent,,,,,,,Verdienstabstand,19.0
2020,Prozent,,,,,,,Verdienstabstand,18.0
2021,Prozent,,,,,,,Verdienstabstand,18.0
2022,Prozent,,,,|,,,Verdienstabstand,18.0
2023,Prozent,,,,,,,Verdienstabstand,18.0
2024,Prozent,,,,,,,Verdienstabstand,16.0
2025,Prozent,,,,,,,Verdienstabstand,16.0
2010,Prozent,,Baden-Württemberg,code08,,,,Verdienstabstand,27.0
2011,Prozent,,Baden-Württemberg,code08,,,,Verdienstabstand,27.0
2012,Prozent,,Baden-Württemberg,code08,,,,Verdienstabstand,27.0
2013,Prozent,,Baden-Württemberg,code08,,,,Verdienstabstand,27.0
2014,Prozent,,Baden-Württemberg,code08,,,,Verdienstabstand,27.0
2015,Prozent,,Baden-Württemberg,code08,,,,Verdienstabstand,26.0
2016,Prozent,,Baden-Württemberg,code08,,,,Verdienstabstand,26.0
2017,Prozent,,Baden-Württemberg,code08,,,,Verdienstabstand,25.0
2018,Prozent,,Baden-Württemberg,code08,,,,Verdienstabstand,24.0
2019,Prozent,,Baden-Württemberg,code08,,,,Verdienstabstand,23.0
2020,Prozent,,Baden-Württemberg,code08,,,,Verdienstabstand,23.0
2021,Prozent,,Baden-Württemberg,code08,,,,Verdienstabstand,22.0
2022,Prozent,,Baden-Württemberg,code08,|,,,Verdienstabstand,23.0
2023,Prozent,,Baden-Württemberg,code08,,,,Verdienstabstand,22.0
2024,Prozent,,Baden-Württemberg,code08,,,,Verdienstabstand,19.0
2025,Prozent,,Baden-Württemberg,code08,,,,Verdienstabstand,20.0
2010,Prozent,,Bayern,code09,,,,Verdienstabstand,26.0
2011,Prozent,,Bayern,code09,,,,Verdienstabstand,25.0
2012,Prozent,,Bayern,code09,,,,Verdienstabstand,25.0
2013,Prozent,,Bayern,code09,,,,Verdienstabstand,25.0
2014,Prozent,,Bayern,code09,,,,Verdienstabstand,25.0
2015,Prozent,,Bayern,code09,,,,Verdienstabstand,24.0
2016,Prozent,,Bayern,code09,,,,Verdienstabstand,24.0
2017,Prozent,,Bayern,code09,,,,Verdienstabstand,24.0
2018,Prozent,,Bayern,code09,,,,Verdienstabstand,24.0
2019,Prozent,,Bayern,code09,,,,Verdienstabstand,23.0
2020,Prozent,,Bayern,code09,,,,Verdienstabstand,22.0
2021,Prozent,,Bayern,code09,,,,Verdienstabstand,21.0
2022,Prozent,,Bayern,code09,|,,,Verdienstabstand,21.0
2023,Prozent,,Bayern,code09,,,,Verdienstabstand,21.0
2024,Prozent,,Bayern,code09,,,,Verdienstabstand,18.0
2025,Prozent,,Bayern,code09,,,,Verdienstabstand,19.0
2010,Prozent,,Berlin,code11,,,,Verdienstabstand,14.0
2011,Prozent,,Berlin,code11,,,,Verdienstabstand,15.0
2012,Prozent,,Berlin,code11,,,,Verdienstabstand,15.0
2013,Prozent,,Berlin,code11,,,,Verdienstabstand,14.0
2014,Prozent,,Berlin,code11,,,,Verdienstabstand,14.0
2015,Prozent,,Berlin,code11,,,,Verdienstabstand,14.0
2016,Prozent,,Berlin,code11,,,,Verdienstabstand,12.0
2017,Prozent,,Berlin,code11,,,,Verdienstabstand,10.0
2018,Prozent,,Berlin,code11,,,,Verdienstabstand,10.0
2019,Prozent,,Berlin,code11,,,,Verdienstabstand,10.0
2020,Prozent,,Berlin,code11,,,,Verdienstabstand,10.0
2021,Prozent,,Berlin,code11,,,,Verdienstabstand,10.0
2022,Prozent,,Berlin,code11,|,,,Verdienstabstand,10.0
2023,Prozent,,Berlin,code11,,,,Verdienstabstand,11.0
2024,Prozent,,Berlin,code11,,,,Verdienstabstand,10.0
2025,Prozent,,Berlin,code11,,,,Verdienstabstand,10.0
2010,Prozent,,Brandenburg,code12,,,,Verdienstabstand,7.0
2011,Prozent,,Brandenburg,code12,,,,Verdienstabstand,6.0
2012,Prozent,,Brandenburg,code12,,,,Verdienstabstand,7.0
2013,Prozent,,Brandenburg,code12,,,,Verdienstabstand,5.0
2014,Prozent,,Brandenburg,code12,,,,Verdienstabstand,7.0
2015,Prozent,,Brandenburg,code12,,,,Verdienstabstand,5.0
2016,Prozent,,Brandenburg,code12,,,,Verdienstabstand,6.0
2017,Prozent,,Brandenburg,code12,,,,Verdienstabstand,6.0
2018,Prozent,,Brandenburg,code12,,,,Verdienstabstand,6.0
2019,Prozent,,Brandenburg,code12,,,,Verdienstabstand,7.0
2020,Prozent,,Brandenburg,code12,,,,Verdienstabstand,6.0
2021,Prozent,,Brandenburg,code12,,,,Verdienstabstand,5.0
2022,Prozent,,Brandenburg,code12,|,,,Verdienstabstand,6.0
2023,Prozent,,Brandenburg,code12,,,,Verdienstabstand,4.0
2024,Prozent,,Brandenburg,code12,,,,Verdienstabstand,2.0
2025,Prozent,,Brandenburg,code12,,,,Verdienstabstand,4.0
2010,Prozent,,Bremen,code04,,,,Verdienstabstand,24.0
2011,Prozent,,Bremen,code04,,,,Verdienstabstand,24.0
2012,Prozent,,Bremen,code04,,,,Verdienstabstand,27.0
2013,Prozent,,Bremen,code04,,,,Verdienstabstand,25.0
2014,Prozent,,Bremen,code04,,,,Verdienstabstand,25.0
2015,Prozent,,Bremen,code04,,,,Verdienstabstand,25.0
2016,Prozent,,Bremen,code04,,,,Verdienstabstand,24.0
2017,Prozent,,Bremen,code04,,,,Verdienstabstand,24.0
2018,Prozent,,Bremen,code04,,,,Verdienstabstand,23.0
2019,Prozent,,Bremen,code04,,,,Verdienstabstand,25.0
2020,Prozent,,Bremen,code04,,,,Verdienstabstand,22.0
2021,Prozent,,Bremen,code04,,,,Verdienstabstand,22.0
2022,Prozent,,Bremen,code04,|,,,Verdienstabstand,20.0
2023,Prozent,,Bremen,code04,,,,Verdienstabstand,19.0
2024,Prozent,,Bremen,code04,,,,Verdienstabstand,17.0
2025,Prozent,,Bremen,code04,,,,Verdienstabstand,14.0
2010,Prozent,,Hamburg,code02,,,,Verdienstabstand,23.0
2011,Prozent,,Hamburg,code02,,,,Verdienstabstand,22.0
2012,Prozent,,Hamburg,code02,,,,Verdienstabstand,24.0
2013,Prozent,,Hamburg,code02,,,,Verdienstabstand,23.0
2014,Prozent,,Hamburg,code02,,,,Verdienstabstand,22.0
2015,Prozent,,Hamburg,code02,,,,Verdienstabstand,22.0
2016,Prozent,,Hamburg,code02,,,,Verdienstabstand,21.0
2017,Prozent,,Hamburg,code02,,,,Verdienstabstand,21.0
2018,Prozent,,Hamburg,code02,,,,Verdienstabstand,21.0
2019,Prozent,,Hamburg,code02,,,,Verdienstabstand,21.0
2020,Prozent,,Hamburg,code02,,,,Verdienstabstand,21.0
2021,Prozent,,Hamburg,code02,,,,Verdienstabstand,21.0
2022,Prozent,,Hamburg,code02,|,,,Verdienstabstand,18.0
2023,Prozent,,Hamburg,code02,,,,Verdienstabstand,18.0
2024,Prozent,,Hamburg,code02,,,,Verdienstabstand,18.0
2025,Prozent,,Hamburg,code02,,,,Verdienstabstand,17.0
2010,Prozent,,Hessen,code06,,,,Verdienstabstand,25.0
2011,Prozent,,Hessen,code06,,,,Verdienstabstand,25.0
2012,Prozent,,Hessen,code06,,,,Verdienstabstand,24.0
2013,Prozent,,Hessen,code06,,,,Verdienstabstand,23.0
2014,Prozent,,Hessen,code06,,,,Verdienstabstand,24.0
2015,Prozent,,Hessen,code06,,,,Verdienstabstand,23.0
2016,Prozent,,Hessen,code06,,,,Verdienstabstand,22.0
2017,Prozent,,Hessen,code06,,,,Verdienstabstand,22.0
2018,Prozent,,Hessen,code06,,,,Verdienstabstand,21.0
2019,Prozent,,Hessen,code06,,,,Verdienstabstand,19.0
2020,Prozent,,Hessen,code06,,,,Verdienstabstand,18.0
2021,Prozent,,Hessen,code06,,,,Verdienstabstand,18.0
2022,Prozent,,Hessen,code06,|,,,Verdienstabstand,21.0
2023,Prozent,,Hessen,code06,,,,Verdienstabstand,20.0
2024,Prozent,,Hessen,code06,,,,Verdienstabstand,19.0
2025,Prozent,,Hessen,code06,,,,Verdienstabstand,19.0
2010,Prozent,,Mecklenburg-Vorpommern,code13,,,,Verdienstabstand,4.0
2011,Prozent,,Mecklenburg-Vorpommern,code13,,,,Verdienstabstand,6.0
2012,Prozent,,Mecklenburg-Vorpommern,code13,,,,Verdienstabstand,7.0
2013,Prozent,,Mecklenburg-Vorpommern,code13,,,,Verdienstabstand,6.0
2014,Prozent,,Mecklenburg-Vorpommern,code13,,,,Verdienstabstand,8.0
2015,Prozent,,Mecklenburg-Vorpommern,code13,,,,Verdienstabstand,7.0
2016,Prozent,,Mecklenburg-Vorpommern,code13,,,,Verdienstabstand,6.0
2017,Prozent,,Mecklenburg-Vorpommern,code13,,,,Verdienstabstand,6.0
2018,Prozent,,Mecklenburg-Vorpommern,code13,,,,Verdienstabstand,6.0
2019,Prozent,,Mecklenburg-Vorpommern,code13,,,,Verdienstabstand,6.0
2020,Prozent,,Mecklenburg-Vorpommern,code13,,,,Verdienstabstand,6.0
2021,Prozent,,Mecklenburg-Vorpommern,code13,,,,Verdienstabstand,5.0
2022,Prozent,,Mecklenburg-Vorpommern,code13,|,,,Verdienstabstand,6.0
2023,Prozent,,Mecklenburg-Vorpommern,code13,,,,Verdienstabstand,7.0
2024,Prozent,,Mecklenburg-Vorpommern,code13,,,,Verdienstabstand,7.0
2025,Prozent,,Mecklenburg-Vorpommern,code13,,,,Verdienstabstand,4.0
2010,Prozent,,Niedersachsen,code03,,,,Verdienstabstand,22.0
2011,Prozent,,Niedersachsen,code03,,,,Verdienstabstand,22.0
2012,Prozent,,Niedersachsen,code03,,,,Verdienstabstand,21.0
2013,Prozent,,Niedersachsen,code03,,,,Verdienstabstand,20.0
2014,Prozent,,Niedersachsen,code03,,,,Verdienstabstand,22.0
2015,Prozent,,Niedersachsen,code03,,,,Verdienstabstand,22.0
2016,Prozent,,Niedersachsen,code03,,,,Verdienstabstand,21.0
2017,Prozent,,Niedersachsen,code03,,,,Verdienstabstand,21.0
2018,Prozent,,Niedersachsen,code03,,,,Verdienstabstand,21.0
2019,Prozent,,Niedersachsen,code03,,,,Verdienstabstand,21.0
2020,Prozent,,Niedersachsen,code03,,,,Verdienstabstand,19.0
2021,Prozent,,Niedersachsen,code03,,,,Verdienstabstand,19.0
2022,Prozent,,Niedersachsen,code03,|,,,Verdienstabstand,18.0
2023,Prozent,,Niedersachsen,code03,,,,Verdienstabstand,18.0
2024,Prozent,,Niedersachsen,code03,,,,Verdienstabstand,15.0
2025,Prozent,,Niedersachsen,code03,,,,Verdienstabstand,16.0
2010,Prozent,,Nordrhein-Westfalen,code05,,,,Verdienstabstand,23.0
2011,Prozent,,Nordrhein-Westfalen,code05,,,,Verdienstabstand,23.0
2012,Prozent,,Nordrhein-Westfalen,code05,,,,Verdienstabstand,24.0
2013,Prozent,,Nordrhein-Westfalen,code05,,,,Verdienstabstand,23.0
2014,Prozent,,Nordrhein-Westfalen,code05,,,,Verdienstabstand,23.0
2015,Prozent,,Nordrhein-Westfalen,code05,,,,Verdienstabstand,23.0
2016,Prozent,,Nordrhein-Westfalen,code05,,,,Verdienstabstand,22.0
2017,Prozent,,Nordrhein-Westfalen,code05,,,,Verdienstabstand,21.0
2018,Prozent,,Nordrhein-Westfalen,code05,,,,Verdienstabstand,20.0
2019,Prozent,,Nordrhein-Westfalen,code05,,,,Verdienstabstand,19.0
2020,Prozent,,Nordrhein-Westfalen,code05,,,,Verdienstabstand,18.0
2021,Prozent,,Nordrhein-Westfalen,code05,,,,Verdienstabstand,17.0
2022,Prozent,,Nordrhein-Westfalen,code05,|,,,Verdienstabstand,17.0
2023,Prozent,,Nordrhein-Westfalen,code05,,,,Verdienstabstand,17.0
2024,Prozent,,Nordrhein-Westfalen,code05,,,,Verdienstabstand,16.0
2025,Prozent,,Nordrhein-Westfalen,code05,,,,Verdienstabstand,15.0
2010,Prozent,,Rheinland-Pfalz,code07,,,,Verdienstabstand,22.0
2011,Prozent,,Rheinland-Pfalz,code07,,,,Verdienstabstand,22.0
2012,Prozent,,Rheinland-Pfalz,code07,,,,Verdienstabstand,22.0
2013,Prozent,,Rheinland-Pfalz,code07,,,,Verdienstabstand,22.0
2014,Prozent,,Rheinland-Pfalz,code07,,,,Verdienstabstand,21.0
2015,Prozent,,Rheinland-Pfalz,code07,,,,Verdienstabstand,20.0
2016,Prozent,,Rheinland-Pfalz,code07,,,,Verdienstabstand,20.0
2017,Prozent,,Rheinland-Pfalz,code07,,,,Verdienstabstand,19.0
2018,Prozent,,Rheinland-Pfalz,code07,,,,Verdienstabstand,18.0
2019,Prozent,,Rheinland-Pfalz,code07,,,,Verdienstabstand,17.0
2020,Prozent,,Rheinland-Pfalz,code07,,,,Verdienstabstand,15.0
2021,Prozent,,Rheinland-Pfalz,code07,,,,Verdienstabstand,15.0
2022,Prozent,,Rheinland-Pfalz,code07,|,,,Verdienstabstand,15.0
2023,Prozent,,Rheinland-Pfalz,code07,,,,Verdienstabstand,15.0
2024,Prozent,,Rheinland-Pfalz,code07,,,,Verdienstabstand,14.0
2025,Prozent,,Rheinland-Pfalz,code07,,,,Verdienstabstand,14.0
2010,Prozent,,Saarland,code10,,,,Verdienstabstand,25.0
2011,Prozent,,Saarland,code10,,,,Verdienstabstand,25.0
2012,Prozent,,Saarland,code10,,,,Verdienstabstand,25.0
2013,Prozent,,Saarland,code10,,,,Verdienstabstand,24.0
2014,Prozent,,Saarland,code10,,,,Verdienstabstand,23.0
2015,Prozent,,Saarland,code10,,,,Verdienstabstand,24.0
2016,Prozent,,Saarland,code10,,,,Verdienstabstand,24.0
2017,Prozent,,Saarland,code10,,,,Verdienstabstand,24.0
2018,Prozent,,Saarland,code10,,,,Verdienstabstand,23.0
2019,Prozent,,Saarland,code10,,,,Verdienstabstand,22.0
2020,Prozent,,Saarland,code10,,,,Verdienstabstand,20.0
2021,Prozent,,Saarland,code10,,,,Verdienstabstand,20.0
2022,Prozent,,Saarland,code10,|,,,Verdienstabstand,18.0
2023,Prozent,,Saarland,code10,,,,Verdienstabstand,18.0
2024,Prozent,,Saarland,code10,,,,Verdienstabstand,16.0
2025,Prozent,,Saarland,code10,,,,Verdienstabstand,16.0
2010,Prozent,,Sachsen,code14,,,,Verdienstabstand,9.0
2011,Prozent,,Sachsen,code14,,,,Verdienstabstand,10.0
2012,Prozent,,Sachsen,code14,,,,Verdienstabstand,11.0
2013,Prozent,,Sachsen,code14,,,,Verdienstabstand,11.0
2014,Prozent,,Sachsen,code14,,,,Verdienstabstand,11.0
2015,Prozent,,Sachsen,code14,,,,Verdienstabstand,11.0
2016,Prozent,,Sachsen,code14,,,,Verdienstabstand,10.0
2017,Prozent,,Sachsen,code14,,,,Verdienstabstand,9.0
2018,Prozent,,Sachsen,code14,,,,Verdienstabstand,8.0
2019,Prozent,,Sachsen,code14,,,,Verdienstabstand,7.0
2020,Prozent,,Sachsen,code14,,,,Verdienstabstand,7.0
2021,Prozent,,Sachsen,code14,,,,Verdienstabstand,6.0
2022,Prozent,,Sachsen,code14,|,,,Verdienstabstand,8.0
2023,Prozent,,Sachsen,code14,,,,Verdienstabstand,9.0
2024,Prozent,,Sachsen,code14,,,,Verdienstabstand,7.0
2025,Prozent,,Sachsen,code14,,,,Verdienstabstand,6.0
2010,Prozent,,Sachsen-Anhalt,code15,,,,Verdienstabstand,4.0
2011,Prozent,,Sachsen-Anhalt,code15,,,,Verdienstabstand,5.0
2012,Prozent,,Sachsen-Anhalt,code15,,,,Verdienstabstand,5.0
2013,Prozent,,Sachsen-Anhalt,code15,,,,Verdienstabstand,4.0
2014,Prozent,,Sachsen-Anhalt,code15,,,,Verdienstabstand,5.0
2015,Prozent,,Sachsen-Anhalt,code15,,,,Verdienstabstand,4.0
2016,Prozent,,Sachsen-Anhalt,code15,,,,Verdienstabstand,4.0
2017,Prozent,,Sachsen-Anhalt,code15,,,,Verdienstabstand,6.0
2018,Prozent,,Sachsen-Anhalt,code15,,,,Verdienstabstand,8.0
2019,Prozent,,Sachsen-Anhalt,code15,,,,Verdienstabstand,7.0
2020,Prozent,,Sachsen-Anhalt,code15,,,,Verdienstabstand,8.0
2021,Prozent,,Sachsen-Anhalt,code15,,,,Verdienstabstand,7.0
2022,Prozent,,Sachsen-Anhalt,code15,|,,,Verdienstabstand,6.0
2023,Prozent,,Sachsen-Anhalt,code15,,,,Verdienstabstand,5.0
2024,Prozent,,Sachsen-Anhalt,code15,,,,Verdienstabstand,4.0
2025,Prozent,,Sachsen-Anhalt,code15,,,,Verdienstabstand,4.0
2010,Prozent,,Schleswig-Holstein,code01,,,,Verdienstabstand,18.0
2011,Prozent,,Schleswig-Holstein,code01,,,,Verdienstabstand,17.0
2012,Prozent,,Schleswig-Holstein,code01,,,,Verdienstabstand,18.0
2013,Prozent,,Schleswig-Holstein,code01,,,,Verdienstabstand,18.0
2014,Prozent,,Schleswig-Holstein,code01,,,,Verdienstabstand,17.0
2015,Prozent,,Schleswig-Holstein,code01,,,,Verdienstabstand,16.0
2016,Prozent,,Schleswig-Holstein,code01,,,,Verdienstabstand,16.0
2017,Prozent,,Schleswig-Holstein,code01,,,,Verdienstabstand,14.0
2018,Prozent,,Schleswig-Holstein,code01,,,,Verdienstabstand,14.0
2019,Prozent,,Schleswig-Holstein,code01,,,,Verdienstabstand,13.0
2020,Prozent,,Schleswig-Holstein,code01,,,,Verdienstabstand,13.0
2021,Prozent,,Schleswig-Holstein,code01,,,,Verdienstabstand,12.0
2022,Prozent,,Schleswig-Holstein,code01,|,,,Verdienstabstand,12.0
2023,Prozent,,Schleswig-Holstein,code01,,,,Verdienstabstand,12.0
2024,Prozent,,Schleswig-Holstein,code01,,,,Verdienstabstand,11.0
2025,Prozent,,Schleswig-Holstein,code01,,,,Verdienstabstand,12.0
2010,Prozent,,Thüringen,code16,,,,Verdienstabstand,6.0
2011,Prozent,,Thüringen,code16,,,,Verdienstabstand,7.0
2012,Prozent,,Thüringen,code16,,,,Verdienstabstand,8.0
2013,Prozent,,Thüringen,code16,,,,Verdienstabstand,9.0
2014,Prozent,,Thüringen,code16,,,,Verdienstabstand,8.0
2015,Prozent,,Thüringen,code16,,,,Verdienstabstand,9.0
2016,Prozent,,Thüringen,code16,,,,Verdienstabstand,7.0
2017,Prozent,,Thüringen,code16,,,,Verdienstabstand,6.0
2018,Prozent,,Thüringen,code16,,,,Verdienstabstand,6.0
2019,Prozent,,Thüringen,code16,,,,Verdienstabstand,6.0
2020,Prozent,,Thüringen,code16,,,,Verdienstabstand,5.0
2021,Prozent,,Thüringen,code16,,,,Verdienstabstand,5.0
2022,Prozent,,Thüringen,code16,|,,,Verdienstabstand,7.0
2023,Prozent,,Thüringen,code16,,,,Verdienstabstand,7.0
2024,Prozent,,Thüringen,code16,,,,Verdienstabstand,6.0
2025,Prozent,,Thüringen,code16,,,,Verdienstabstand,5.0
