Year,Geschlecht,COMMENT_OBS_0,COMMENT_OBS_1,COMMENT_OBS_2,Value
2010,,,,,8.3
2011,,,,,7.5
2012,,,,,7.1
2013,,,,,6.3
2014,,,,,6.4
2015,,,,,6.2
2016,,,,,6.7
2017,,,,,6.3
2018,,,,,5.9
2019,,,,,5.7
2020,,|,,,7.4
2021,,|,r,,7.7
2022,,r,,,6.9
2023,,,,,7.5
2024,,|,r,,7.5
2010,Weiblich,,,,9.0
2011,Weiblich,,,,8.3
2012,Weiblich,,,,7.9
2013,Weiblich,,,,7.0
2014,Weiblich,,,,7.2
2015,Weiblich,,,,7.0
2016,Weiblich,,,,7.4
2017,Weiblich,,,,6.7
2018,Weiblich,,,,6.5
2019,Weiblich,,,,6.2
2020,Weiblich,|,,,7.6
2021,Weiblich,|,r,,7.8
2022,Weiblich,r,,,7.4
2023,Weiblich,r,,,7.8
2024,Weiblich,|,r,,7.7
2010,Männlich,,,,7.6
2011,Männlich,,,,6.7
2012,Männlich,,,,6.3
2013,Männlich,,,,5.6
2014,Männlich,,,,5.5
2015,Männlich,,,,5.4
2016,Männlich,,,,6.1
2017,Männlich,,,,5.8
2018,Männlich,,,,5.4
2019,Männlich,,,,5.2
2020,Männlich,|,,,7.2
2021,Männlich,|,r,,7.6
2022,Männlich,,,,6.4
2023,Männlich,,,,7.2
2024,Männlich,|,r,,7.2
