Year,Wirtschaftszweig,COMMENT_OBS_0,COMMENT_OBS_1,COMMENT_OBS_2,Series,Value
2010,Beherbergung: Hotels und ähnliche Beherbergungsstätten,.,,,<u>Zeitreihe des Indikators:</u> Erwerbstätige,
2011,Beherbergung: Hotels und ähnliche Beherbergungsstätten,.,,,<u>Zeitreihe des Indikators:</u> Erwerbstätige,
2012,Beherbergung: Hotels und ähnliche Beherbergungsstätten,.,,,<u>Zeitreihe des Indikators:</u> Erwerbstätige,
2013,Beherbergung: Hotels und ähnliche Beherbergungsstätten,.,,,<u>Zeitreihe des Indikators:</u> Erwerbstätige,
2014,Beherbergung: Hotels und ähnliche Beherbergungsstätten,.,,,<u>Zeitreihe des Indikators:</u> Erwerbstätige,
2015,Beherbergung: Hotels und ähnliche Beherbergungsstätten,.,,,<u>Zeitreihe des Indikators:</u> Erwerbstätige,
2016,Beherbergung: Hotels und ähnliche Beherbergungsstätten,.,,,<u>Zeitreihe des Indikators:</u> Erwerbstätige,
2017,Beherbergung: Hotels und ähnliche Beherbergungsstätten,.,,,<u>Zeitreihe des Indikators:</u> Erwerbstätige,
2018,Beherbergung: Hotels und ähnliche Beherbergungsstätten,.,,,<u>Zeitreihe des Indikators:</u> Erwerbstätige,
2019,Beherbergung: Hotels und ähnliche Beherbergungsstätten,.,,,<u>Zeitreihe des Indikators:</u> Erwerbstätige,
2020,Beherbergung: Hotels und ähnliche Beherbergungsstätten,,,,<u>Zeitreihe des Indikators:</u> Erwerbstätige,433154.0
2021,Beherbergung: Hotels und ähnliche Beherbergungsstätten,,,,<u>Zeitreihe des Indikators:</u> Erwerbstätige,458101.0
2022,Beherbergung: Hotels und ähnliche Beherbergungsstätten,,,,<u>Zeitreihe des Indikators:</u> Erwerbstätige,493938.0
2023,Beherbergung: Hotels und ähnliche Beherbergungsstätten,,,,<u>Zeitreihe des Indikators:</u> Erwerbstätige,498001.0
2010,Beherbergung: Sonstige Beherbergungsstätten,.,,,<u>Zeitreihe des Indikators:</u> Erwerbstätige,
2011,Beherbergung: Sonstige Beherbergungsstätten,.,,,<u>Zeitreihe des Indikators:</u> Erwerbstätige,
2012,Beherbergung: Sonstige Beherbergungsstätten,.,,,<u>Zeitreihe des Indikators:</u> Erwerbstätige,
2013,Beherbergung: Sonstige Beherbergungsstätten,.,,,<u>Zeitreihe des Indikators:</u> Erwerbstätige,
2014,Beherbergung: Sonstige Beherbergungsstätten,.,,,<u>Zeitreihe des Indikators:</u> Erwerbstätige,
2015,Beherbergung: Sonstige Beherbergungsstätten,.,,,<u>Zeitreihe des Indikators:</u> Erwerbstätige,
2016,Beherbergung: Sonstige Beherbergungsstätten,.,,,<u>Zeitreihe des Indikators:</u> Erwerbstätige,
2017,Beherbergung: Sonstige Beherbergungsstätten,.,,,<u>Zeitreihe des Indikators:</u> Erwerbstätige,
2018,Beherbergung: Sonstige Beherbergungsstätten,.,,,<u>Zeitreihe des Indikators:</u> Erwerbstätige,
2019,Beherbergung: Sonstige Beherbergungsstätten,.,,,<u>Zeitreihe des Indikators:</u> Erwerbstätige,
2020,Beherbergung: Sonstige Beherbergungsstätten,,,,<u>Zeitreihe des Indikators:</u> Erwerbstätige,521462.0
2021,Beherbergung: Sonstige Beherbergungsstätten,,,,<u>Zeitreihe des Indikators:</u> Erwerbstätige,691160.0
2022,Beherbergung: Sonstige Beherbergungsstätten,,,,<u>Zeitreihe des Indikators:</u> Erwerbstätige,667494.0
2023,Beherbergung: Sonstige Beherbergungsstätten,,,,<u>Zeitreihe des Indikators:</u> Erwerbstätige,664668.0
2010,Gaststätten- und Getränkeausschank,.,,,<u>Zeitreihe des Indikators:</u> Erwerbstätige,
2011,Gaststätten- und Getränkeausschank,.,,,<u>Zeitreihe des Indikators:</u> Erwerbstätige,
2012,Gaststätten- und Getränkeausschank,.,,,<u>Zeitreihe des Indikators:</u> Erwerbstätige,
2013,Gaststätten- und Getränkeausschank,.,,,<u>Zeitreihe des Indikators:</u> Erwerbstätige,
2014,Gaststätten- und Getränkeausschank,.,,,<u>Zeitreihe des Indikators:</u> Erwerbstätige,
2015,Gaststätten- und Getränkeausschank,.,,,<u>Zeitreihe des Indikators:</u> Erwerbstätige,
2016,Gaststätten- und Getränkeausschank,.,,,<u>Zeitreihe des Indikators:</u> Erwerbstätige,
2017,Gaststätten- und Getränkeausschank,.,,,<u>Zeitreihe des Indikators:</u> Erwerbstätige,
2018,Gaststätten- und Getränkeausschank,.,,,<u>Zeitreihe des Indikators:</u> Erwerbstätige,
2019,Gaststätten- und Getränkeausschank,.,,,<u>Zeitreihe des Indikators:</u> Erwerbstätige,
2020,Gaststätten- und Getränkeausschank,,,,<u>Zeitreihe des Indikators:</u> Erwerbstätige,1336699.0
2021,Gaststätten- und Getränkeausschank,,,,<u>Zeitreihe des Indikators:</u> Erwerbstätige,1457238.0
2022,Gaststätten- und Getränkeausschank,,,,<u>Zeitreihe des Indikators:</u> Erwerbstätige,1514878.0
2023,Gaststätten- und Getränkeausschank,,,,<u>Zeitreihe des Indikators:</u> Erwerbstätige,1541245.0
2022,Personenbeförderung im Eisenbahnverkehr,,,,<u>Zeitreihe des Indikators:</u> Erwerbstätige,25222.0
2023,Personenbeförderung im Eisenbahnverkehr,,,,<u>Zeitreihe des Indikators:</u> Erwerbstätige,25745.0
2010,Personenbeförderung im Straßenverkehr,.,,,<u>Zeitreihe des Indikators:</u> Erwerbstätige,
2011,Personenbeförderung im Straßenverkehr,.,,,<u>Zeitreihe des Indikators:</u> Erwerbstätige,
2012,Personenbeförderung im Straßenverkehr,.,,,<u>Zeitreihe des Indikators:</u> Erwerbstätige,
2013,Personenbeförderung im Straßenverkehr,.,,,<u>Zeitreihe des Indikators:</u> Erwerbstätige,
2014,Personenbeförderung im Straßenverkehr,.,,,<u>Zeitreihe des Indikators:</u> Erwerbstätige,
2015,Personenbeförderung im Straßenverkehr,.,,,<u>Zeitreihe des Indikators:</u> Erwerbstätige,
2016,Personenbeförderung im Straßenverkehr,.,,,<u>Zeitreihe des Indikators:</u> Erwerbstätige,
2017,Personenbeförderung im Straßenverkehr,.,,,<u>Zeitreihe des Indikators:</u> Erwerbstätige,
2018,Personenbeförderung im Straßenverkehr,.,,,<u>Zeitreihe des Indikators:</u> Erwerbstätige,
2019,Personenbeförderung im Straßenverkehr,.,,,<u>Zeitreihe des Indikators:</u> Erwerbstätige,
2020,Personenbeförderung im Straßenverkehr,,,,<u>Zeitreihe des Indikators:</u> Erwerbstätige,164649.0
2021,Personenbeförderung im Straßenverkehr,,,,<u>Zeitreihe des Indikators:</u> Erwerbstätige,186530.0
2022,Personenbeförderung im Straßenverkehr,,,,<u>Zeitreihe des Indikators:</u> Erwerbstätige,194485.0
2023,Personenbeförderung im Straßenverkehr,,,,<u>Zeitreihe des Indikators:</u> Erwerbstätige,205032.0
2010,Personenbeförderung in der Schifffahrt,.,,,<u>Zeitreihe des Indikators:</u> Erwerbstätige,
2011,Personenbeförderung in der Schifffahrt,.,,,<u>Zeitreihe des Indikators:</u> Erwerbstätige,
2012,Personenbeförderung in der Schifffahrt,.,,,<u>Zeitreihe des Indikators:</u> Erwerbstätige,
2013,Personenbeförderung in der Schifffahrt,.,,,<u>Zeitreihe des Indikators:</u> Erwerbstätige,
2014,Personenbeförderung in der Schifffahrt,.,,,<u>Zeitreihe des Indikators:</u> Erwerbstätige,
2015,Personenbeförderung in der Schifffahrt,.,,,<u>Zeitreihe des Indikators:</u> Erwerbstätige,
2016,Personenbeförderung in der Schifffahrt,.,,,<u>Zeitreihe des Indikators:</u> Erwerbstätige,
2017,Personenbeförderung in der Schifffahrt,.,,,<u>Zeitreihe des Indikators:</u> Erwerbstätige,
2018,Personenbeförderung in der Schifffahrt,.,,,<u>Zeitreihe des Indikators:</u> Erwerbstätige,
2019,Personenbeförderung in der Schifffahrt,.,,,<u>Zeitreihe des Indikators:</u> Erwerbstätige,
2020,Personenbeförderung in der Schifffahrt,,,,<u>Zeitreihe des Indikators:</u> Erwerbstätige,8614.0
2021,Personenbeförderung in der Schifffahrt,,,,<u>Zeitreihe des Indikators:</u> Erwerbstätige,8756.0
2022,Personenbeförderung in der Schifffahrt,,,,<u>Zeitreihe des Indikators:</u> Erwerbstätige,9206.0
2023,Personenbeförderung in der Schifffahrt,,,,<u>Zeitreihe des Indikators:</u> Erwerbstätige,8967.0
2010,Personenbeförderung in der Luftfahrt,.,,,<u>Zeitreihe des Indikators:</u> Erwerbstätige,
2011,Personenbeförderung in der Luftfahrt,.,,,<u>Zeitreihe des Indikators:</u> Erwerbstätige,
2012,Personenbeförderung in der Luftfahrt,.,,,<u>Zeitreihe des Indikators:</u> Erwerbstätige,
2013,Personenbeförderung in der Luftfahrt,.,,,<u>Zeitreihe des Indikators:</u> Erwerbstätige,
2014,Personenbeförderung in der Luftfahrt,.,,,<u>Zeitreihe des Indikators:</u> Erwerbstätige,
2015,Personenbeförderung in der Luftfahrt,.,,,<u>Zeitreihe des Indikators:</u> Erwerbstätige,
2016,Personenbeförderung in der Luftfahrt,.,,,<u>Zeitreihe des Indikators:</u> Erwerbstätige,
2017,Personenbeförderung in der Luftfahrt,.,,,<u>Zeitreihe des Indikators:</u> Erwerbstätige,
2018,Personenbeförderung in der Luftfahrt,.,,,<u>Zeitreihe des Indikators:</u> Erwerbstätige,
2019,Personenbeförderung in der Luftfahrt,.,,,<u>Zeitreihe des Indikators:</u> Erwerbstätige,
2020,Personenbeförderung in der Luftfahrt,,,,<u>Zeitreihe des Indikators:</u> Erwerbstätige,58297.0
2021,Personenbeförderung in der Luftfahrt,,,,<u>Zeitreihe des Indikators:</u> Erwerbstätige,54734.0
2022,Personenbeförderung in der Luftfahrt,,,,<u>Zeitreihe des Indikators:</u> Erwerbstätige,52686.0
2023,Personenbeförderung in der Luftfahrt,,,,<u>Zeitreihe des Indikators:</u> Erwerbstätige,57060.0
2010,Vermietung von Transportmitteln,.,,,<u>Zeitreihe des Indikators:</u> Erwerbstätige,
2011,Vermietung von Transportmitteln,.,,,<u>Zeitreihe des Indikators:</u> Erwerbstätige,
2012,Vermietung von Transportmitteln,.,,,<u>Zeitreihe des Indikators:</u> Erwerbstätige,
2013,Vermietung von Transportmitteln,.,,,<u>Zeitreihe des Indikators:</u> Erwerbstätige,
2014,Vermietung von Transportmitteln,.,,,<u>Zeitreihe des Indikators:</u> Erwerbstätige,
2015,Vermietung von Transportmitteln,.,,,<u>Zeitreihe des Indikators:</u> Erwerbstätige,
2016,Vermietung von Transportmitteln,.,,,<u>Zeitreihe des Indikators:</u> Erwerbstätige,
2017,Vermietung von Transportmitteln,.,,,<u>Zeitreihe des Indikators:</u> Erwerbstätige,
2018,Vermietung von Transportmitteln,.,,,<u>Zeitreihe des Indikators:</u> Erwerbstätige,
2019,Vermietung von Transportmitteln,.,,,<u>Zeitreihe des Indikators:</u> Erwerbstätige,
2020,Vermietung von Transportmitteln,,,,<u>Zeitreihe des Indikators:</u> Erwerbstätige,34896.0
2021,Vermietung von Transportmitteln,,,,<u>Zeitreihe des Indikators:</u> Erwerbstätige,41038.0
2022,Vermietung von Transportmitteln,,,,<u>Zeitreihe des Indikators:</u> Erwerbstätige,45861.0
2023,Vermietung von Transportmitteln,,,,<u>Zeitreihe des Indikators:</u> Erwerbstätige,43418.0
2010,"Reisebüros, Reiseveranstalter und sonstige Reservierungsdienstleistungen",.,,,<u>Zeitreihe des Indikators:</u> Erwerbstätige,
2011,"Reisebüros, Reiseveranstalter und sonstige Reservierungsdienstleistungen",.,,,<u>Zeitreihe des Indikators:</u> Erwerbstätige,
2012,"Reisebüros, Reiseveranstalter und sonstige Reservierungsdienstleistungen",.,,,<u>Zeitreihe des Indikators:</u> Erwerbstätige,
2013,"Reisebüros, Reiseveranstalter und sonstige Reservierungsdienstleistungen",.,,,<u>Zeitreihe des Indikators:</u> Erwerbstätige,
2014,"Reisebüros, Reiseveranstalter und sonstige Reservierungsdienstleistungen",.,,,<u>Zeitreihe des Indikators:</u> Erwerbstätige,
2015,"Reisebüros, Reiseveranstalter und sonstige Reservierungsdienstleistungen",.,,,<u>Zeitreihe des Indikators:</u> Erwerbstätige,
2016,"Reisebüros, Reiseveranstalter und sonstige Reservierungsdienstleistungen",.,,,<u>Zeitreihe des Indikators:</u> Erwerbstätige,
2017,"Reisebüros, Reiseveranstalter und sonstige Reservierungsdienstleistungen",.,,,<u>Zeitreihe des Indikators:</u> Erwerbstätige,
2018,"Reisebüros, Reiseveranstalter und sonstige Reservierungsdienstleistungen",.,,,<u>Zeitreihe des Indikators:</u> Erwerbstätige,
2019,"Reisebüros, Reiseveranstalter und sonstige Reservierungsdienstleistungen",.,,,<u>Zeitreihe des Indikators:</u> Erwerbstätige,
2020,"Reisebüros, Reiseveranstalter und sonstige Reservierungsdienstleistungen",,,,<u>Zeitreihe des Indikators:</u> Erwerbstätige,81779.0
2021,"Reisebüros, Reiseveranstalter und sonstige Reservierungsdienstleistungen",,,,<u>Zeitreihe des Indikators:</u> Erwerbstätige,79189.0
2022,"Reisebüros, Reiseveranstalter und sonstige Reservierungsdienstleistungen",,,,<u>Zeitreihe des Indikators:</u> Erwerbstätige,88512.0
2023,"Reisebüros, Reiseveranstalter und sonstige Reservierungsdienstleistungen",,,,<u>Zeitreihe des Indikators:</u> Erwerbstätige,84618.0
2021,Kulturelle Dienstleistungen,,,,<u>Zeitreihe des Indikators:</u> Erwerbstätige,93922.0
2022,Kulturelle Dienstleistungen,,,,<u>Zeitreihe des Indikators:</u> Erwerbstätige,104048.0
2023,Kulturelle Dienstleistungen,,,,<u>Zeitreihe des Indikators:</u> Erwerbstätige,109369.0
2021,Dienstleistungen des Sports und der Erholung,,,,<u>Zeitreihe des Indikators:</u> Erwerbstätige,306401.0
2022,Dienstleistungen des Sports und der Erholung,,,,<u>Zeitreihe des Indikators:</u> Erwerbstätige,320884.0
2023,Dienstleistungen des Sports und der Erholung,,,,<u>Zeitreihe des Indikators:</u> Erwerbstätige,312225.0
2010,Beherbergung: Hotels und ähnliche Beherbergungsstätten,.,,,<u>Zusätzliche Zeitreihe:</u> Beschäftigte,
2011,Beherbergung: Hotels und ähnliche Beherbergungsstätten,.,,,<u>Zusätzliche Zeitreihe:</u> Beschäftigte,
2012,Beherbergung: Hotels und ähnliche Beherbergungsstätten,.,,,<u>Zusätzliche Zeitreihe:</u> Beschäftigte,
2013,Beherbergung: Hotels und ähnliche Beherbergungsstätten,.,,,<u>Zusätzliche Zeitreihe:</u> Beschäftigte,
2014,Beherbergung: Hotels und ähnliche Beherbergungsstätten,.,,,<u>Zusätzliche Zeitreihe:</u> Beschäftigte,
2015,Beherbergung: Hotels und ähnliche Beherbergungsstätten,.,,,<u>Zusätzliche Zeitreihe:</u> Beschäftigte,
2016,Beherbergung: Hotels und ähnliche Beherbergungsstätten,.,,,<u>Zusätzliche Zeitreihe:</u> Beschäftigte,
2017,Beherbergung: Hotels und ähnliche Beherbergungsstätten,.,,,<u>Zusätzliche Zeitreihe:</u> Beschäftigte,
2018,Beherbergung: Hotels und ähnliche Beherbergungsstätten,.,,,<u>Zusätzliche Zeitreihe:</u> Beschäftigte,
2019,Beherbergung: Hotels und ähnliche Beherbergungsstätten,.,,,<u>Zusätzliche Zeitreihe:</u> Beschäftigte,
2020,Beherbergung: Hotels und ähnliche Beherbergungsstätten,,,,<u>Zusätzliche Zeitreihe:</u> Beschäftigte,387316.0
2021,Beherbergung: Hotels und ähnliche Beherbergungsstätten,,,,<u>Zusätzliche Zeitreihe:</u> Beschäftigte,412861.0
2022,Beherbergung: Hotels und ähnliche Beherbergungsstätten,,,,<u>Zusätzliche Zeitreihe:</u> Beschäftigte,447744.0
2023,Beherbergung: Hotels und ähnliche Beherbergungsstätten,,,,<u>Zusätzliche Zeitreihe:</u> Beschäftigte,451432.0
2010,Beherbergung: Sonstige Beherbergungsstätten,.,,,<u>Zusätzliche Zeitreihe:</u> Beschäftigte,
2011,Beherbergung: Sonstige Beherbergungsstätten,.,,,<u>Zusätzliche Zeitreihe:</u> Beschäftigte,
2012,Beherbergung: Sonstige Beherbergungsstätten,.,,,<u>Zusätzliche Zeitreihe:</u> Beschäftigte,
2013,Beherbergung: Sonstige Beherbergungsstätten,.,,,<u>Zusätzliche Zeitreihe:</u> Beschäftigte,
2014,Beherbergung: Sonstige Beherbergungsstätten,.,,,<u>Zusätzliche Zeitreihe:</u> Beschäftigte,
2015,Beherbergung: Sonstige Beherbergungsstätten,.,,,<u>Zusätzliche Zeitreihe:</u> Beschäftigte,
2016,Beherbergung: Sonstige Beherbergungsstätten,.,,,<u>Zusätzliche Zeitreihe:</u> Beschäftigte,
2017,Beherbergung: Sonstige Beherbergungsstätten,.,,,<u>Zusätzliche Zeitreihe:</u> Beschäftigte,
2018,Beherbergung: Sonstige Beherbergungsstätten,.,,,<u>Zusätzliche Zeitreihe:</u> Beschäftigte,
2019,Beherbergung: Sonstige Beherbergungsstätten,.,,,<u>Zusätzliche Zeitreihe:</u> Beschäftigte,
2020,Beherbergung: Sonstige Beherbergungsstätten,,,,<u>Zusätzliche Zeitreihe:</u> Beschäftigte,333052.0
2021,Beherbergung: Sonstige Beherbergungsstätten,,,,<u>Zusätzliche Zeitreihe:</u> Beschäftigte,474192.0
2022,Beherbergung: Sonstige Beherbergungsstätten,,,,<u>Zusätzliche Zeitreihe:</u> Beschäftigte,474307.0
2023,Beherbergung: Sonstige Beherbergungsstätten,,,,<u>Zusätzliche Zeitreihe:</u> Beschäftigte,471128.0
2010,Gaststätten- und Getränkeausschank,.,,,<u>Zusätzliche Zeitreihe:</u> Beschäftigte,
2011,Gaststätten- und Getränkeausschank,.,,,<u>Zusätzliche Zeitreihe:</u> Beschäftigte,
2012,Gaststätten- und Getränkeausschank,.,,,<u>Zusätzliche Zeitreihe:</u> Beschäftigte,
2013,Gaststätten- und Getränkeausschank,.,,,<u>Zusätzliche Zeitreihe:</u> Beschäftigte,
2014,Gaststätten- und Getränkeausschank,.,,,<u>Zusätzliche Zeitreihe:</u> Beschäftigte,
2015,Gaststätten- und Getränkeausschank,.,,,<u>Zusätzliche Zeitreihe:</u> Beschäftigte,
2016,Gaststätten- und Getränkeausschank,.,,,<u>Zusätzliche Zeitreihe:</u> Beschäftigte,
2017,Gaststätten- und Getränkeausschank,.,,,<u>Zusätzliche Zeitreihe:</u> Beschäftigte,
2018,Gaststätten- und Getränkeausschank,.,,,<u>Zusätzliche Zeitreihe:</u> Beschäftigte,
2019,Gaststätten- und Getränkeausschank,.,,,<u>Zusätzliche Zeitreihe:</u> Beschäftigte,
2020,Gaststätten- und Getränkeausschank,,,,<u>Zusätzliche Zeitreihe:</u> Beschäftigte,1147866.0
2021,Gaststätten- und Getränkeausschank,,,,<u>Zusätzliche Zeitreihe:</u> Beschäftigte,1281136.0
2022,Gaststätten- und Getränkeausschank,,,,<u>Zusätzliche Zeitreihe:</u> Beschäftigte,1338977.0
2023,Gaststätten- und Getränkeausschank,,,,<u>Zusätzliche Zeitreihe:</u> Beschäftigte,1363796.0
2022,Personenbeförderung im Eisenbahnverkehr,,,,<u>Zusätzliche Zeitreihe:</u> Beschäftigte,25202.0
2023,Personenbeförderung im Eisenbahnverkehr,,,,<u>Zusätzliche Zeitreihe:</u> Beschäftigte,25719.0
2010,Personenbeförderung im Straßenverkehr,.,,,<u>Zusätzliche Zeitreihe:</u> Beschäftigte,
2011,Personenbeförderung im Straßenverkehr,.,,,<u>Zusätzliche Zeitreihe:</u> Beschäftigte,
2012,Personenbeförderung im Straßenverkehr,.,,,<u>Zusätzliche Zeitreihe:</u> Beschäftigte,
2013,Personenbeförderung im Straßenverkehr,.,,,<u>Zusätzliche Zeitreihe:</u> Beschäftigte,
2014,Personenbeförderung im Straßenverkehr,.,,,<u>Zusätzliche Zeitreihe:</u> Beschäftigte,
2015,Personenbeförderung im Straßenverkehr,.,,,<u>Zusätzliche Zeitreihe:</u> Beschäftigte,
2016,Personenbeförderung im Straßenverkehr,.,,,<u>Zusätzliche Zeitreihe:</u> Beschäftigte,
2017,Personenbeförderung im Straßenverkehr,.,,,<u>Zusätzliche Zeitreihe:</u> Beschäftigte,
2018,Personenbeförderung im Straßenverkehr,.,,,<u>Zusätzliche Zeitreihe:</u> Beschäftigte,
2019,Personenbeförderung im Straßenverkehr,.,,,<u>Zusätzliche Zeitreihe:</u> Beschäftigte,
2020,Personenbeförderung im Straßenverkehr,,,,<u>Zusätzliche Zeitreihe:</u> Beschäftigte,141037.0
2021,Personenbeförderung im Straßenverkehr,,,,<u>Zusätzliche Zeitreihe:</u> Beschäftigte,164689.0
2022,Personenbeförderung im Straßenverkehr,,,,<u>Zusätzliche Zeitreihe:</u> Beschäftigte,171881.0
2023,Personenbeförderung im Straßenverkehr,,,,<u>Zusätzliche Zeitreihe:</u> Beschäftigte,182026.0
2010,Personenbeförderung in der Schifffahrt,.,,,<u>Zusätzliche Zeitreihe:</u> Beschäftigte,
2011,Personenbeförderung in der Schifffahrt,.,,,<u>Zusätzliche Zeitreihe:</u> Beschäftigte,
2012,Personenbeförderung in der Schifffahrt,.,,,<u>Zusätzliche Zeitreihe:</u> Beschäftigte,
2013,Personenbeförderung in der Schifffahrt,.,,,<u>Zusätzliche Zeitreihe:</u> Beschäftigte,
2014,Personenbeförderung in der Schifffahrt,.,,,<u>Zusätzliche Zeitreihe:</u> Beschäftigte,
2015,Personenbeförderung in der Schifffahrt,.,,,<u>Zusätzliche Zeitreihe:</u> Beschäftigte,
2016,Personenbeförderung in der Schifffahrt,.,,,<u>Zusätzliche Zeitreihe:</u> Beschäftigte,
2017,Personenbeförderung in der Schifffahrt,.,,,<u>Zusätzliche Zeitreihe:</u> Beschäftigte,
2018,Personenbeförderung in der Schifffahrt,.,,,<u>Zusätzliche Zeitreihe:</u> Beschäftigte,
2019,Personenbeförderung in der Schifffahrt,.,,,<u>Zusätzliche Zeitreihe:</u> Beschäftigte,
2020,Personenbeförderung in der Schifffahrt,,,,<u>Zusätzliche Zeitreihe:</u> Beschäftigte,8137.0
2021,Personenbeförderung in der Schifffahrt,,,,<u>Zusätzliche Zeitreihe:</u> Beschäftigte,8254.0
2022,Personenbeförderung in der Schifffahrt,,,,<u>Zusätzliche Zeitreihe:</u> Beschäftigte,8710.0
2023,Personenbeförderung in der Schifffahrt,,,,<u>Zusätzliche Zeitreihe:</u> Beschäftigte,8480.0
2010,Personenbeförderung in der Luftfahrt,.,,,<u>Zusätzliche Zeitreihe:</u> Beschäftigte,
2011,Personenbeförderung in der Luftfahrt,.,,,<u>Zusätzliche Zeitreihe:</u> Beschäftigte,
2012,Personenbeförderung in der Luftfahrt,.,,,<u>Zusätzliche Zeitreihe:</u> Beschäftigte,
2013,Personenbeförderung in der Luftfahrt,.,,,<u>Zusätzliche Zeitreihe:</u> Beschäftigte,
2014,Personenbeförderung in der Luftfahrt,.,,,<u>Zusätzliche Zeitreihe:</u> Beschäftigte,
2015,Personenbeförderung in der Luftfahrt,.,,,<u>Zusätzliche Zeitreihe:</u> Beschäftigte,
2016,Personenbeförderung in der Luftfahrt,.,,,<u>Zusätzliche Zeitreihe:</u> Beschäftigte,
2017,Personenbeförderung in der Luftfahrt,.,,,<u>Zusätzliche Zeitreihe:</u> Beschäftigte,
2018,Personenbeförderung in der Luftfahrt,.,,,<u>Zusätzliche Zeitreihe:</u> Beschäftigte,
2019,Personenbeförderung in der Luftfahrt,.,,,<u>Zusätzliche Zeitreihe:</u> Beschäftigte,
2020,Personenbeförderung in der Luftfahrt,,,,<u>Zusätzliche Zeitreihe:</u> Beschäftigte,57763.0
2021,Personenbeförderung in der Luftfahrt,,,,<u>Zusätzliche Zeitreihe:</u> Beschäftigte,53976.0
2022,Personenbeförderung in der Luftfahrt,,,,<u>Zusätzliche Zeitreihe:</u> Beschäftigte,52214.0
2023,Personenbeförderung in der Luftfahrt,,,,<u>Zusätzliche Zeitreihe:</u> Beschäftigte,56268.0
2010,Vermietung von Transportmitteln,.,,,<u>Zusätzliche Zeitreihe:</u> Beschäftigte,
2011,Vermietung von Transportmitteln,.,,,<u>Zusätzliche Zeitreihe:</u> Beschäftigte,
2012,Vermietung von Transportmitteln,.,,,<u>Zusätzliche Zeitreihe:</u> Beschäftigte,
2013,Vermietung von Transportmitteln,.,,,<u>Zusätzliche Zeitreihe:</u> Beschäftigte,
2014,Vermietung von Transportmitteln,.,,,<u>Zusätzliche Zeitreihe:</u> Beschäftigte,
2015,Vermietung von Transportmitteln,.,,,<u>Zusätzliche Zeitreihe:</u> Beschäftigte,
2016,Vermietung von Transportmitteln,.,,,<u>Zusätzliche Zeitreihe:</u> Beschäftigte,
2017,Vermietung von Transportmitteln,.,,,<u>Zusätzliche Zeitreihe:</u> Beschäftigte,
2018,Vermietung von Transportmitteln,.,,,<u>Zusätzliche Zeitreihe:</u> Beschäftigte,
2019,Vermietung von Transportmitteln,.,,,<u>Zusätzliche Zeitreihe:</u> Beschäftigte,
2020,Vermietung von Transportmitteln,,,,<u>Zusätzliche Zeitreihe:</u> Beschäftigte,30207.0
2021,Vermietung von Transportmitteln,,,,<u>Zusätzliche Zeitreihe:</u> Beschäftigte,35394.0
2022,Vermietung von Transportmitteln,,,,<u>Zusätzliche Zeitreihe:</u> Beschäftigte,40890.0
2023,Vermietung von Transportmitteln,,,,<u>Zusätzliche Zeitreihe:</u> Beschäftigte,38225.0
2010,"Reisebüros, Reiseveranstalter und sonstige Reservierungsdienstleistungen",.,,,<u>Zusätzliche Zeitreihe:</u> Beschäftigte,
2011,"Reisebüros, Reiseveranstalter und sonstige Reservierungsdienstleistungen",.,,,<u>Zusätzliche Zeitreihe:</u> Beschäftigte,
2012,"Reisebüros, Reiseveranstalter und sonstige Reservierungsdienstleistungen",.,,,<u>Zusätzliche Zeitreihe:</u> Beschäftigte,
2013,"Reisebüros, Reiseveranstalter und sonstige Reservierungsdienstleistungen",.,,,<u>Zusätzliche Zeitreihe:</u> Beschäftigte,
2014,"Reisebüros, Reiseveranstalter und sonstige Reservierungsdienstleistungen",.,,,<u>Zusätzliche Zeitreihe:</u> Beschäftigte,
2015,"Reisebüros, Reiseveranstalter und sonstige Reservierungsdienstleistungen",.,,,<u>Zusätzliche Zeitreihe:</u> Beschäftigte,
2016,"Reisebüros, Reiseveranstalter und sonstige Reservierungsdienstleistungen",.,,,<u>Zusätzliche Zeitreihe:</u> Beschäftigte,
2017,"Reisebüros, Reiseveranstalter und sonstige Reservierungsdienstleistungen",.,,,<u>Zusätzliche Zeitreihe:</u> Beschäftigte,
2018,"Reisebüros, Reiseveranstalter und sonstige Reservierungsdienstleistungen",.,,,<u>Zusätzliche Zeitreihe:</u> Beschäftigte,
2019,"Reisebüros, Reiseveranstalter und sonstige Reservierungsdienstleistungen",.,,,<u>Zusätzliche Zeitreihe:</u> Beschäftigte,
2020,"Reisebüros, Reiseveranstalter und sonstige Reservierungsdienstleistungen",,,,<u>Zusätzliche Zeitreihe:</u> Beschäftigte,71757.0
2021,"Reisebüros, Reiseveranstalter und sonstige Reservierungsdienstleistungen",,,,<u>Zusätzliche Zeitreihe:</u> Beschäftigte,69620.0
2022,"Reisebüros, Reiseveranstalter und sonstige Reservierungsdienstleistungen",,,,<u>Zusätzliche Zeitreihe:</u> Beschäftigte,78682.0
2023,"Reisebüros, Reiseveranstalter und sonstige Reservierungsdienstleistungen",,,,<u>Zusätzliche Zeitreihe:</u> Beschäftigte,74969.0
2021,Kulturelle Dienstleistungen,,,,<u>Zusätzliche Zeitreihe:</u> Beschäftigte,48031.0
2022,Kulturelle Dienstleistungen,,,,<u>Zusätzliche Zeitreihe:</u> Beschäftigte,53906.0
2023,Kulturelle Dienstleistungen,,,,<u>Zusätzliche Zeitreihe:</u> Beschäftigte,56266.0
2021,Dienstleistungen des Sports und der Erholung,,,,<u>Zusätzliche Zeitreihe:</u> Beschäftigte,275068.0
2022,Dienstleistungen des Sports und der Erholung,,,,<u>Zusätzliche Zeitreihe:</u> Beschäftigte,286360.0
2023,Dienstleistungen des Sports und der Erholung,,,,<u>Zusätzliche Zeitreihe:</u> Beschäftigte,276102.0
2010,Beherbergung: Hotels und ähnliche Beherbergungsstätten,.,,,<u>Zusätzliche Zeitreihe:</u> Vollzeitäquivalente,
2011,Beherbergung: Hotels und ähnliche Beherbergungsstätten,.,,,<u>Zusätzliche Zeitreihe:</u> Vollzeitäquivalente,
2012,Beherbergung: Hotels und ähnliche Beherbergungsstätten,.,,,<u>Zusätzliche Zeitreihe:</u> Vollzeitäquivalente,
2013,Beherbergung: Hotels und ähnliche Beherbergungsstätten,.,,,<u>Zusätzliche Zeitreihe:</u> Vollzeitäquivalente,
2014,Beherbergung: Hotels und ähnliche Beherbergungsstätten,.,,,<u>Zusätzliche Zeitreihe:</u> Vollzeitäquivalente,
2015,Beherbergung: Hotels und ähnliche Beherbergungsstätten,.,,,<u>Zusätzliche Zeitreihe:</u> Vollzeitäquivalente,
2016,Beherbergung: Hotels und ähnliche Beherbergungsstätten,.,,,<u>Zusätzliche Zeitreihe:</u> Vollzeitäquivalente,
2017,Beherbergung: Hotels und ähnliche Beherbergungsstätten,.,,,<u>Zusätzliche Zeitreihe:</u> Vollzeitäquivalente,
2018,Beherbergung: Hotels und ähnliche Beherbergungsstätten,.,,,<u>Zusätzliche Zeitreihe:</u> Vollzeitäquivalente,
2019,Beherbergung: Hotels und ähnliche Beherbergungsstätten,.,,,<u>Zusätzliche Zeitreihe:</u> Vollzeitäquivalente,
2020,Beherbergung: Hotels und ähnliche Beherbergungsstätten,,,,<u>Zusätzliche Zeitreihe:</u> Vollzeitäquivalente,289724.0
2021,Beherbergung: Hotels und ähnliche Beherbergungsstätten,,,,<u>Zusätzliche Zeitreihe:</u> Vollzeitäquivalente,345255.0
2022,Beherbergung: Hotels und ähnliche Beherbergungsstätten,,,,<u>Zusätzliche Zeitreihe:</u> Vollzeitäquivalente,353567.0
2023,Beherbergung: Hotels und ähnliche Beherbergungsstätten,,,,<u>Zusätzliche Zeitreihe:</u> Vollzeitäquivalente,353567.0
2010,Beherbergung: Sonstige Beherbergungsstätten,.,,,<u>Zusätzliche Zeitreihe:</u> Vollzeitäquivalente,
2011,Beherbergung: Sonstige Beherbergungsstätten,.,,,<u>Zusätzliche Zeitreihe:</u> Vollzeitäquivalente,
2012,Beherbergung: Sonstige Beherbergungsstätten,.,,,<u>Zusätzliche Zeitreihe:</u> Vollzeitäquivalente,
2013,Beherbergung: Sonstige Beherbergungsstätten,.,,,<u>Zusätzliche Zeitreihe:</u> Vollzeitäquivalente,
2014,Beherbergung: Sonstige Beherbergungsstätten,.,,,<u>Zusätzliche Zeitreihe:</u> Vollzeitäquivalente,
2015,Beherbergung: Sonstige Beherbergungsstätten,.,,,<u>Zusätzliche Zeitreihe:</u> Vollzeitäquivalente,
2016,Beherbergung: Sonstige Beherbergungsstätten,.,,,<u>Zusätzliche Zeitreihe:</u> Vollzeitäquivalente,
2017,Beherbergung: Sonstige Beherbergungsstätten,.,,,<u>Zusätzliche Zeitreihe:</u> Vollzeitäquivalente,
2018,Beherbergung: Sonstige Beherbergungsstätten,.,,,<u>Zusätzliche Zeitreihe:</u> Vollzeitäquivalente,
2019,Beherbergung: Sonstige Beherbergungsstätten,.,,,<u>Zusätzliche Zeitreihe:</u> Vollzeitäquivalente,
2020,Beherbergung: Sonstige Beherbergungsstätten,,,,<u>Zusätzliche Zeitreihe:</u> Vollzeitäquivalente,270579.0
2021,Beherbergung: Sonstige Beherbergungsstätten,,,,<u>Zusätzliche Zeitreihe:</u> Vollzeitäquivalente,406427.0
2022,Beherbergung: Sonstige Beherbergungsstätten,,,,<u>Zusätzliche Zeitreihe:</u> Vollzeitäquivalente,377342.0
2023,Beherbergung: Sonstige Beherbergungsstätten,,,,<u>Zusätzliche Zeitreihe:</u> Vollzeitäquivalente,374218.0
2010,Gaststätten- und Getränkeausschank,.,,,<u>Zusätzliche Zeitreihe:</u> Vollzeitäquivalente,
2011,Gaststätten- und Getränkeausschank,.,,,<u>Zusätzliche Zeitreihe:</u> Vollzeitäquivalente,
2012,Gaststätten- und Getränkeausschank,.,,,<u>Zusätzliche Zeitreihe:</u> Vollzeitäquivalente,
2013,Gaststätten- und Getränkeausschank,.,,,<u>Zusätzliche Zeitreihe:</u> Vollzeitäquivalente,
2014,Gaststätten- und Getränkeausschank,.,,,<u>Zusätzliche Zeitreihe:</u> Vollzeitäquivalente,
2015,Gaststätten- und Getränkeausschank,.,,,<u>Zusätzliche Zeitreihe:</u> Vollzeitäquivalente,
2016,Gaststätten- und Getränkeausschank,.,,,<u>Zusätzliche Zeitreihe:</u> Vollzeitäquivalente,
2017,Gaststätten- und Getränkeausschank,.,,,<u>Zusätzliche Zeitreihe:</u> Vollzeitäquivalente,
2018,Gaststätten- und Getränkeausschank,.,,,<u>Zusätzliche Zeitreihe:</u> Vollzeitäquivalente,
2019,Gaststätten- und Getränkeausschank,.,,,<u>Zusätzliche Zeitreihe:</u> Vollzeitäquivalente,
2020,Gaststätten- und Getränkeausschank,,,,<u>Zusätzliche Zeitreihe:</u> Vollzeitäquivalente,743998.0
2021,Gaststätten- und Getränkeausschank,,,,<u>Zusätzliche Zeitreihe:</u> Vollzeitäquivalente,1072961.0
2022,Gaststätten- und Getränkeausschank,,,,<u>Zusätzliche Zeitreihe:</u> Vollzeitäquivalente,925027.0
2023,Gaststätten- und Getränkeausschank,,,,<u>Zusätzliche Zeitreihe:</u> Vollzeitäquivalente,932114.0
2022,Personenbeförderung im Eisenbahnverkehr,,,,<u>Zusätzliche Zeitreihe:</u> Vollzeitäquivalente,23151.0
2023,Personenbeförderung im Eisenbahnverkehr,,,,<u>Zusätzliche Zeitreihe:</u> Vollzeitäquivalente,23326.0
2010,Personenbeförderung im Straßenverkehr,.,,,<u>Zusätzliche Zeitreihe:</u> Vollzeitäquivalente,
2011,Personenbeförderung im Straßenverkehr,.,,,<u>Zusätzliche Zeitreihe:</u> Vollzeitäquivalente,
2012,Personenbeförderung im Straßenverkehr,.,,,<u>Zusätzliche Zeitreihe:</u> Vollzeitäquivalente,
2013,Personenbeförderung im Straßenverkehr,.,,,<u>Zusätzliche Zeitreihe:</u> Vollzeitäquivalente,
2014,Personenbeförderung im Straßenverkehr,.,,,<u>Zusätzliche Zeitreihe:</u> Vollzeitäquivalente,
2015,Personenbeförderung im Straßenverkehr,.,,,<u>Zusätzliche Zeitreihe:</u> Vollzeitäquivalente,
2016,Personenbeförderung im Straßenverkehr,.,,,<u>Zusätzliche Zeitreihe:</u> Vollzeitäquivalente,
2017,Personenbeförderung im Straßenverkehr,.,,,<u>Zusätzliche Zeitreihe:</u> Vollzeitäquivalente,
2018,Personenbeförderung im Straßenverkehr,.,,,<u>Zusätzliche Zeitreihe:</u> Vollzeitäquivalente,
2019,Personenbeförderung im Straßenverkehr,.,,,<u>Zusätzliche Zeitreihe:</u> Vollzeitäquivalente,
2020,Personenbeförderung im Straßenverkehr,,,,<u>Zusätzliche Zeitreihe:</u> Vollzeitäquivalente,96528.0
2021,Personenbeförderung im Straßenverkehr,,,,<u>Zusätzliche Zeitreihe:</u> Vollzeitäquivalente,129574.0
2022,Personenbeförderung im Straßenverkehr,,,,<u>Zusätzliche Zeitreihe:</u> Vollzeitäquivalente,126403.0
2023,Personenbeförderung im Straßenverkehr,,,,<u>Zusätzliche Zeitreihe:</u> Vollzeitäquivalente,128524.0
2010,Personenbeförderung in der Schifffahrt,.,,,<u>Zusätzliche Zeitreihe:</u> Vollzeitäquivalente,
2011,Personenbeförderung in der Schifffahrt,.,,,<u>Zusätzliche Zeitreihe:</u> Vollzeitäquivalente,
2012,Personenbeförderung in der Schifffahrt,.,,,<u>Zusätzliche Zeitreihe:</u> Vollzeitäquivalente,
2013,Personenbeförderung in der Schifffahrt,.,,,<u>Zusätzliche Zeitreihe:</u> Vollzeitäquivalente,
2014,Personenbeförderung in der Schifffahrt,.,,,<u>Zusätzliche Zeitreihe:</u> Vollzeitäquivalente,
2015,Personenbeförderung in der Schifffahrt,.,,,<u>Zusätzliche Zeitreihe:</u> Vollzeitäquivalente,
2016,Personenbeförderung in der Schifffahrt,.,,,<u>Zusätzliche Zeitreihe:</u> Vollzeitäquivalente,
2017,Personenbeförderung in der Schifffahrt,.,,,<u>Zusätzliche Zeitreihe:</u> Vollzeitäquivalente,
2018,Personenbeförderung in der Schifffahrt,.,,,<u>Zusätzliche Zeitreihe:</u> Vollzeitäquivalente,
2019,Personenbeförderung in der Schifffahrt,.,,,<u>Zusätzliche Zeitreihe:</u> Vollzeitäquivalente,
2020,Personenbeförderung in der Schifffahrt,,,,<u>Zusätzliche Zeitreihe:</u> Vollzeitäquivalente,6722.0
2021,Personenbeförderung in der Schifffahrt,,,,<u>Zusätzliche Zeitreihe:</u> Vollzeitäquivalente,7346.0
2022,Personenbeförderung in der Schifffahrt,,,,<u>Zusätzliche Zeitreihe:</u> Vollzeitäquivalente,7746.0
2023,Personenbeförderung in der Schifffahrt,,,,<u>Zusätzliche Zeitreihe:</u> Vollzeitäquivalente,7414.0
2010,Personenbeförderung in der Luftfahrt,.,,,<u>Zusätzliche Zeitreihe:</u> Vollzeitäquivalente,
2011,Personenbeförderung in der Luftfahrt,.,,,<u>Zusätzliche Zeitreihe:</u> Vollzeitäquivalente,
2012,Personenbeförderung in der Luftfahrt,.,,,<u>Zusätzliche Zeitreihe:</u> Vollzeitäquivalente,
2013,Personenbeförderung in der Luftfahrt,.,,,<u>Zusätzliche Zeitreihe:</u> Vollzeitäquivalente,
2014,Personenbeförderung in der Luftfahrt,.,,,<u>Zusätzliche Zeitreihe:</u> Vollzeitäquivalente,
2015,Personenbeförderung in der Luftfahrt,.,,,<u>Zusätzliche Zeitreihe:</u> Vollzeitäquivalente,
2016,Personenbeförderung in der Luftfahrt,.,,,<u>Zusätzliche Zeitreihe:</u> Vollzeitäquivalente,
2017,Personenbeförderung in der Luftfahrt,.,,,<u>Zusätzliche Zeitreihe:</u> Vollzeitäquivalente,
2018,Personenbeförderung in der Luftfahrt,.,,,<u>Zusätzliche Zeitreihe:</u> Vollzeitäquivalente,
2019,Personenbeförderung in der Luftfahrt,.,,,<u>Zusätzliche Zeitreihe:</u> Vollzeitäquivalente,
2020,Personenbeförderung in der Luftfahrt,,,,<u>Zusätzliche Zeitreihe:</u> Vollzeitäquivalente,45264.0
2021,Personenbeförderung in der Luftfahrt,,,,<u>Zusätzliche Zeitreihe:</u> Vollzeitäquivalente,45513.0
2022,Personenbeförderung in der Luftfahrt,,,,<u>Zusätzliche Zeitreihe:</u> Vollzeitäquivalente,44077.0
2023,Personenbeförderung in der Luftfahrt,,,,<u>Zusätzliche Zeitreihe:</u> Vollzeitäquivalente,47678.0
2010,Vermietung von Transportmitteln,.,,,<u>Zusätzliche Zeitreihe:</u> Vollzeitäquivalente,
2011,Vermietung von Transportmitteln,.,,,<u>Zusätzliche Zeitreihe:</u> Vollzeitäquivalente,
2012,Vermietung von Transportmitteln,.,,,<u>Zusätzliche Zeitreihe:</u> Vollzeitäquivalente,
2013,Vermietung von Transportmitteln,.,,,<u>Zusätzliche Zeitreihe:</u> Vollzeitäquivalente,
2014,Vermietung von Transportmitteln,.,,,<u>Zusätzliche Zeitreihe:</u> Vollzeitäquivalente,
2015,Vermietung von Transportmitteln,.,,,<u>Zusätzliche Zeitreihe:</u> Vollzeitäquivalente,
2016,Vermietung von Transportmitteln,.,,,<u>Zusätzliche Zeitreihe:</u> Vollzeitäquivalente,
2017,Vermietung von Transportmitteln,.,,,<u>Zusätzliche Zeitreihe:</u> Vollzeitäquivalente,
2018,Vermietung von Transportmitteln,.,,,<u>Zusätzliche Zeitreihe:</u> Vollzeitäquivalente,
2019,Vermietung von Transportmitteln,.,,,<u>Zusätzliche Zeitreihe:</u> Vollzeitäquivalente,
2020,Vermietung von Transportmitteln,,,,<u>Zusätzliche Zeitreihe:</u> Vollzeitäquivalente,24773.0
2021,Vermietung von Transportmitteln,,,,<u>Zusätzliche Zeitreihe:</u> Vollzeitäquivalente,29873.0
2022,Vermietung von Transportmitteln,,,,<u>Zusätzliche Zeitreihe:</u> Vollzeitäquivalente,33751.0
2023,Vermietung von Transportmitteln,,,,<u>Zusätzliche Zeitreihe:</u> Vollzeitäquivalente,31106.0
2010,"Reisebüros, Reiseveranstalter und sonstige Reservierungsdienstleistungen",.,,,<u>Zusätzliche Zeitreihe:</u> Vollzeitäquivalente,
2011,"Reisebüros, Reiseveranstalter und sonstige Reservierungsdienstleistungen",.,,,<u>Zusätzliche Zeitreihe:</u> Vollzeitäquivalente,
2012,"Reisebüros, Reiseveranstalter und sonstige Reservierungsdienstleistungen",.,,,<u>Zusätzliche Zeitreihe:</u> Vollzeitäquivalente,
2013,"Reisebüros, Reiseveranstalter und sonstige Reservierungsdienstleistungen",.,,,<u>Zusätzliche Zeitreihe:</u> Vollzeitäquivalente,
2014,"Reisebüros, Reiseveranstalter und sonstige Reservierungsdienstleistungen",.,,,<u>Zusätzliche Zeitreihe:</u> Vollzeitäquivalente,
2015,"Reisebüros, Reiseveranstalter und sonstige Reservierungsdienstleistungen",.,,,<u>Zusätzliche Zeitreihe:</u> Vollzeitäquivalente,
2016,"Reisebüros, Reiseveranstalter und sonstige Reservierungsdienstleistungen",.,,,<u>Zusätzliche Zeitreihe:</u> Vollzeitäquivalente,
2017,"Reisebüros, Reiseveranstalter und sonstige Reservierungsdienstleistungen",.,,,<u>Zusätzliche Zeitreihe:</u> Vollzeitäquivalente,
2018,"Reisebüros, Reiseveranstalter und sonstige Reservierungsdienstleistungen",.,,,<u>Zusätzliche Zeitreihe:</u> Vollzeitäquivalente,
2019,"Reisebüros, Reiseveranstalter und sonstige Reservierungsdienstleistungen",.,,,<u>Zusätzliche Zeitreihe:</u> Vollzeitäquivalente,
2020,"Reisebüros, Reiseveranstalter und sonstige Reservierungsdienstleistungen",,,,<u>Zusätzliche Zeitreihe:</u> Vollzeitäquivalente,59091.0
2021,"Reisebüros, Reiseveranstalter und sonstige Reservierungsdienstleistungen",,,,<u>Zusätzliche Zeitreihe:</u> Vollzeitäquivalente,61658.0
2022,"Reisebüros, Reiseveranstalter und sonstige Reservierungsdienstleistungen",,,,<u>Zusätzliche Zeitreihe:</u> Vollzeitäquivalente,66304.0
2023,"Reisebüros, Reiseveranstalter und sonstige Reservierungsdienstleistungen",,,,<u>Zusätzliche Zeitreihe:</u> Vollzeitäquivalente,63200.0
2021,Kulturelle Dienstleistungen,,,,<u>Zusätzliche Zeitreihe:</u> Vollzeitäquivalente,40488.0
2022,Kulturelle Dienstleistungen,,,,<u>Zusätzliche Zeitreihe:</u> Vollzeitäquivalente,41359.0
2023,Kulturelle Dienstleistungen,,,,<u>Zusätzliche Zeitreihe:</u> Vollzeitäquivalente,43002.0
2021,Dienstleistungen des Sports und der Erholung,,,,<u>Zusätzliche Zeitreihe:</u> Vollzeitäquivalente,218932.0
2022,Dienstleistungen des Sports und der Erholung,,,,<u>Zusätzliche Zeitreihe:</u> Vollzeitäquivalente,193459.0
2023,Dienstleistungen des Sports und der Erholung,,,,<u>Zusätzliche Zeitreihe:</u> Vollzeitäquivalente,182289.0
