Year,Zeitreihe,Geschlecht,COMMENT_OBS_0,COMMENT_OBS_1,COMMENT_OBS_2,Value
2010,Daten der VGR des Statistischen Bundesamtes,,,,,17.4
2011,Daten der VGR des Statistischen Bundesamtes,,,,,17.5
2012,Daten der VGR des Statistischen Bundesamtes,,,,,17.6
2013,Daten der VGR des Statistischen Bundesamtes,,,,,17.6
2014,Daten der VGR des Statistischen Bundesamtes,,,,,17.5
2015,Daten der VGR des Statistischen Bundesamtes,,,,,17.4
2016,Daten der VGR des Statistischen Bundesamtes,,,,,17.2
2017,Daten der VGR des Statistischen Bundesamtes,,,,,17.2
2018,Daten der VGR des Statistischen Bundesamtes,,,,,17.2
2019,Daten der VGR des Statistischen Bundesamtes,,,,,17.2
2020,Daten der VGR des Statistischen Bundesamtes,,,,,16.9
2021,Daten der VGR des Statistischen Bundesamtes,,,,,16.6
2022,Daten der VGR des Statistischen Bundesamtes,,p,,,16.4
2023,Daten der VGR des Statistischen Bundesamtes,,p,,,16.3
2024,Daten der VGR des Statistischen Bundesamtes,,p,,,16.1
2010,Daten der AKE des Statistischen Bundesamtes,,,,,20.0
2011,Daten der AKE des Statistischen Bundesamtes,,,,,19.8
2012,Daten der AKE des Statistischen Bundesamtes,,,,,19.7
2013,Daten der AKE des Statistischen Bundesamtes,,,,,19.3
2014,Daten der AKE des Statistischen Bundesamtes,,,,,19.6
2015,Daten der AKE des Statistischen Bundesamtes,,,,,19.3
2016,Daten der AKE des Statistischen Bundesamtes,,,,,19.2
2017,Daten der AKE des Statistischen Bundesamtes,,,,,19.0
2018,Daten der AKE des Statistischen Bundesamtes,,,,,19.1
2019,Daten der AKE des Statistischen Bundesamtes,,,,,18.9
2020,Daten der AKE des Statistischen Bundesamtes,,,,,19.9
2021,Daten der AKE des Statistischen Bundesamtes,,,,,19.8
2022,Daten der AKE des Statistischen Bundesamtes,,,,,19.0
2023,Daten der AKE des Statistischen Bundesamtes,,,,,18.3
2024,Daten der AKE des Statistischen Bundesamtes,,,,,18.2
2010,Daten der AKE des Statistischen Bundesamtes,Weiblich,,,,11.7
2011,Daten der AKE des Statistischen Bundesamtes,Weiblich,,,,11.6
2012,Daten der AKE des Statistischen Bundesamtes,Weiblich,,,,11.6
2013,Daten der AKE des Statistischen Bundesamtes,Weiblich,,,,11.4
2014,Daten der AKE des Statistischen Bundesamtes,Weiblich,,,,11.5
2015,Daten der AKE des Statistischen Bundesamtes,Weiblich,,,,11.2
2016,Daten der AKE des Statistischen Bundesamtes,Weiblich,,,,11.2
2017,Daten der AKE des Statistischen Bundesamtes,Weiblich,,,,11.1
2018,Daten der AKE des Statistischen Bundesamtes,Weiblich,,,,11.2
2019,Daten der AKE des Statistischen Bundesamtes,Weiblich,,,,11.0
2020,Daten der AKE des Statistischen Bundesamtes,Weiblich,,,,11.2
2021,Daten der AKE des Statistischen Bundesamtes,Weiblich,,,,11.3
2022,Daten der AKE des Statistischen Bundesamtes,Weiblich,,,,11.0
2023,Daten der AKE des Statistischen Bundesamtes,Weiblich,r,,,10.2
2024,Daten der AKE des Statistischen Bundesamtes,Weiblich,,,,10.3
2010,Daten der AKE des Statistischen Bundesamtes,Männlich,,,,27.1
2011,Daten der AKE des Statistischen Bundesamtes,Männlich,,,,26.9
2012,Daten der AKE des Statistischen Bundesamtes,Männlich,,,,26.7
2013,Daten der AKE des Statistischen Bundesamtes,Männlich,,,,26.3
2014,Daten der AKE des Statistischen Bundesamtes,Männlich,,,,26.6
2015,Daten der AKE des Statistischen Bundesamtes,Männlich,,,,26.3
2016,Daten der AKE des Statistischen Bundesamtes,Männlich,,,,26.1
2017,Daten der AKE des Statistischen Bundesamtes,Männlich,,,,25.9
2018,Daten der AKE des Statistischen Bundesamtes,Männlich,,,,25.9
2019,Daten der AKE des Statistischen Bundesamtes,Männlich,,,,25.8
2020,Daten der AKE des Statistischen Bundesamtes,Männlich,,,,27.6
2021,Daten der AKE des Statistischen Bundesamtes,Männlich,r,,,27.3
2022,Daten der AKE des Statistischen Bundesamtes,Männlich,,,,26.1
2023,Daten der AKE des Statistischen Bundesamtes,Männlich,r,,,25.3
2024,Daten der AKE des Statistischen Bundesamtes,Männlich,,,,25.2
