Year,Zeitreihe,Value
2010,"oda and oof (gross disbursements) to infrastructure (mn usd, constant prices (2016))",2814.1
2011,"oda and oof (gross disbursements) to infrastructure (mn usd, constant prices (2016))",2543.2
2012,"oda and oof (gross disbursements) to infrastructure (mn usd, constant prices (2016))",2296.0
2013,"oda and oof (gross disbursements) to infrastructure (mn usd, constant prices (2016))",2725.0
2014,"oda and oof (gross disbursements) to infrastructure (mn usd, constant prices (2016))",3715.0
2015,"oda and oof (gross disbursements) to infrastructure (mn usd, constant prices (2016))",4334.6
2016,"oda and oof (gross disbursements) to infrastructure (mn usd, constant prices (2016))",3869.0
2017,"oda and oof (gross disbursements) to infrastructure (mn usd, constant prices (2016))",3573.8
2010,"oda (gross disbursements) to infrastructure (mn usd, constant prices (2016))",2346.8
2011,"oda (gross disbursements) to infrastructure (mn usd, constant prices (2016))",2179.1
2012,"oda (gross disbursements) to infrastructure (mn usd, constant prices (2016))",1765.7
2013,"oda (gross disbursements) to infrastructure (mn usd, constant prices (2016))",2381.2
2014,"oda (gross disbursements) to infrastructure (mn usd, constant prices (2016))",3336.5
2015,"oda (gross disbursements) to infrastructure (mn usd, constant prices (2016))",4222.9
2016,"oda (gross disbursements) to infrastructure (mn usd, constant prices (2016))",3653.7
2017,"oda (gross disbursements) to infrastructure (mn usd, constant prices (2016))",3320.2
