Year,Units,timeseries,COMMENT_OBS_0,COMMENT_OBS_1,COMMENT_OBS_2,Value
2010,percentage,mountain key biodiversity areas (kbas) covered by protected areas,,,,73.267
2011,percentage,mountain key biodiversity areas (kbas) covered by protected areas,,,,73.275
2012,percentage,mountain key biodiversity areas (kbas) covered by protected areas,,,,73.302
2013,percentage,mountain key biodiversity areas (kbas) covered by protected areas,,,,73.304
2014,percentage,mountain key biodiversity areas (kbas) covered by protected areas,,,,73.388
2015,percentage,mountain key biodiversity areas (kbas) covered by protected areas,,,,73.388
2016,percentage,mountain key biodiversity areas (kbas) covered by protected areas,,,,73.596
2017,percentage,mountain key biodiversity areas (kbas) covered by protected areas,,,,73.596
2018,percentage,mountain key biodiversity areas (kbas) covered by protected areas,,,,73.597
2019,percentage,mountain key biodiversity areas (kbas) covered by protected areas,,,,75.629
2020,percentage,mountain key biodiversity areas (kbas) covered by protected areas,,,,76.253
2021,percentage,mountain key biodiversity areas (kbas) covered by protected areas,,,,76.263
2022,percentage,mountain key biodiversity areas (kbas) covered by protected areas,,,,78.071
2023,percentage,mountain key biodiversity areas (kbas) covered by protected areas,,,,78.098
2024,percentage,mountain key biodiversity areas (kbas) covered by protected areas,,,,78.098
2025,percentage,mountain key biodiversity areas (kbas) covered by protected areas,…,,,78.098
2010,hectare,mountain key biodiversity areas (kbas) covered by protected areas,,,,1134026.71
2011,hectare,mountain key biodiversity areas (kbas) covered by protected areas,,,,1134151.699
2012,hectare,mountain key biodiversity areas (kbas) covered by protected areas,,,,1134556.934
2013,hectare,mountain key biodiversity areas (kbas) covered by protected areas,,,,1134591.848
2014,hectare,mountain key biodiversity areas (kbas) covered by protected areas,,,,1135899.931
2015,hectare,mountain key biodiversity areas (kbas) covered by protected areas,,,,1135900.22
2016,hectare,mountain key biodiversity areas (kbas) covered by protected areas,,,,1139119.11
2017,hectare,mountain key biodiversity areas (kbas) covered by protected areas,,,,1139119.11
2018,hectare,mountain key biodiversity areas (kbas) covered by protected areas,,,,1139128.365
2019,hectare,mountain key biodiversity areas (kbas) covered by protected areas,,,,1170573.278
2020,hectare,mountain key biodiversity areas (kbas) covered by protected areas,,,,1180233.624
2021,hectare,mountain key biodiversity areas (kbas) covered by protected areas,,,,1180386.474
2022,hectare,mountain key biodiversity areas (kbas) covered by protected areas,,,,1208384.404
2023,hectare,mountain key biodiversity areas (kbas) covered by protected areas,,,,1208788.1
2024,hectare,mountain key biodiversity areas (kbas) covered by protected areas,,,,1208788.1
2025,hectare,mountain key biodiversity areas (kbas) covered by protected areas,,,,1208788.1
2010,percentage,"mountain regions, covered by protected areas",,,,50.008
2011,percentage,"mountain regions, covered by protected areas",,,,50.302
2012,percentage,"mountain regions, covered by protected areas",,,,51.095
2013,percentage,"mountain regions, covered by protected areas",,,,51.526
2014,percentage,"mountain regions, covered by protected areas",,,,51.715
2015,percentage,"mountain regions, covered by protected areas",,,,51.926
2016,percentage,"mountain regions, covered by protected areas",,,,52.949
2017,percentage,"mountain regions, covered by protected areas",,,,52.952
2018,percentage,"mountain regions, covered by protected areas",,,,53.083
2019,percentage,"mountain regions, covered by protected areas",,,,54.155
2020,percentage,"mountain regions, covered by protected areas",,,,54.414
2021,percentage,"mountain regions, covered by protected areas",,,,55.011
2022,percentage,"mountain regions, covered by protected areas",,,,55.628
2023,percentage,"mountain regions, covered by protected areas",,,,56.163
2024,percentage,"mountain regions, covered by protected areas",,,,56.163
2025,percentage,"mountain regions, covered by protected areas",,,,56.163
2010,hectare,"mountain regions, covered by protected areas",,,,3388945.653
2011,hectare,"mountain regions, covered by protected areas",,,,3408829.04
2012,hectare,"mountain regions, covered by protected areas",,,,3462557.158
2013,hectare,"mountain regions, covered by protected areas",,,,3491794.597
2014,hectare,"mountain regions, covered by protected areas",,,,3504611.786
2015,hectare,"mountain regions, covered by protected areas",,,,3518863.337
2016,hectare,"mountain regions, covered by protected areas",,,,3588241.773
2017,hectare,"mountain regions, covered by protected areas",,,,3588430.598
2018,hectare,"mountain regions, covered by protected areas",,,,3597281.256
2019,hectare,"mountain regions, covered by protected areas",,,,3669969.366
2020,hectare,"mountain regions, covered by protected areas",,,,3687496.249
2021,hectare,"mountain regions, covered by protected areas",,,,3727947.51
2022,hectare,"mountain regions, covered by protected areas",,,,3769758.711
2023,hectare,"mountain regions, covered by protected areas",,,,3806039.394
2024,hectare,"mountain regions, covered by protected areas",,,,3806039.394
2025,hectare,"mountain regions, covered by protected areas",,,,3806039.394
2010,percentage,"mountain regions, covered by effective protected areas",,,,19.222
2011,percentage,"mountain regions, covered by effective protected areas",,,,19.231
2012,percentage,"mountain regions, covered by effective protected areas",,,,19.237
2013,percentage,"mountain regions, covered by effective protected areas",,,,19.261
2014,percentage,"mountain regions, covered by effective protected areas",,,,19.323
2015,percentage,"mountain regions, covered by effective protected areas",,,,19.427
2016,percentage,"mountain regions, covered by effective protected areas",,,,19.43
2017,percentage,"mountain regions, covered by effective protected areas",,,,19.431
2018,percentage,"mountain regions, covered by effective protected areas",,,,19.436
2019,percentage,"mountain regions, covered by effective protected areas",,,,19.452
2020,percentage,"mountain regions, covered by effective protected areas",,,,19.466
2021,percentage,"mountain regions, covered by effective protected areas",,,,19.469
2022,percentage,"mountain regions, covered by effective protected areas",,,,19.469
2023,percentage,"mountain regions, covered by effective protected areas",,,,19.476
2024,percentage,"mountain regions, covered by effective protected areas",,,,19.476
2025,percentage,"mountain regions, covered by effective protected areas",,,,19.476
2010,hectare,"mountain regions, covered by effective protected areas",,,,1302607.886
2011,hectare,"mountain regions, covered by effective protected areas",,,,1303214.269
2012,hectare,"mountain regions, covered by effective protected areas",,,,1303655.823
2013,hectare,"mountain regions, covered by effective protected areas",,,,1305274.311
2014,hectare,"mountain regions, covered by effective protected areas",,,,1309446.398
2015,hectare,"mountain regions, covered by effective protected areas",,,,1316495.9
2016,hectare,"mountain regions, covered by effective protected areas",,,,1316738.219
2017,hectare,"mountain regions, covered by effective protected areas",,,,1316820.998
2018,hectare,"mountain regions, covered by effective protected areas",,,,1317141.707
2019,hectare,"mountain regions, covered by effective protected areas",,,,1318181.031
2020,hectare,"mountain regions, covered by effective protected areas",,,,1319153.418
2021,hectare,"mountain regions, covered by effective protected areas",,,,1319375.771
2022,hectare,"mountain regions, covered by effective protected areas",,,,1319379.579
2023,hectare,"mountain regions, covered by effective protected areas",,,,1319822.559
2024,hectare,"mountain regions, covered by effective protected areas",,,,1319822.559
2025,hectare,"mountain regions, covered by effective protected areas",,,,1319822.559
