Year,Units,age group,sex,typ of victim-suspect relationship,COMMENT_OBS_0,COMMENT_OBS_1,COMMENT_OBS_2,Value
2010,number,,,,,,,793.0
2011,number,,,,,,,738.0
2012,number,,,,,,,659.0
2013,number,,,,,,,682.0
2014,number,,,,,,,716.0
2015,number,,,,,,,682.0
2016,number,,,,,,,963.0
2017,number,,,,,,,813.0
2018,number,,,,,,,788.0
2019,number,,,,,,,623.0
2020,number,,,,,,,782.0
2021,number,,,,,,,695.0
2022,number,,,,,,,686.0
2023,number,,,,,,,770.0
2024,number,,,,,,,779.0
2010,number,13 years and younger,,,,,,77.0
2011,number,13 years and younger,,,,,,73.0
2012,number,13 years and younger,,,,,,90.0
2013,number,13 years and younger,,,,,,66.0
2014,number,13 years and younger,,,,,,63.0
2015,number,13 years and younger,,,,,,62.0
2016,number,13 years and younger,,,,,,68.0
2017,number,13 years and younger,,,,,,67.0
2018,number,13 years and younger,,,,,,70.0
2019,number,13 years and younger,,,,,,46.0
2020,number,13 years and younger,,,,,,79.0
2021,number,13 years and younger,,,,,,83.0
2022,number,13 years and younger,,,,,,51.0
2023,number,13 years and younger,,,,,,72.0
2024,number,13 years and younger,,,,,,56.0
2010,number,14 to under 18 years,,,,,,22.0
2011,number,14 to under 18 years,,,,,,27.0
2012,number,14 to under 18 years,,,,,,6.0
2013,number,14 to under 18 years,,,,,,12.0
2014,number,14 to under 18 years,,,,,,15.0
2015,number,14 to under 18 years,,,,,,14.0
2016,number,14 to under 18 years,,,,,,35.0
2017,number,14 to under 18 years,,,,,,4.0
2018,number,14 to under 18 years,,,,,,14.0
2019,number,14 to under 18 years,,,,,,11.0
2020,number,14 to under 18 years,,,,,,12.0
2021,number,14 to under 18 years,,,,,,14.0
2022,number,14 to under 18 years,,,,,,14.0
2023,number,14 to under 18 years,,,,,,17.0
2024,number,14 to under 18 years,,,,,,15.0
2010,number,18 to under 21 years,,,,,,38.0
2011,number,18 to under 21 years,,,,,,29.0
2012,number,18 to under 21 years,,,,,,23.0
2013,number,18 to under 21 years,,,,,,15.0
2014,number,18 to under 21 years,,,,,,20.0
2015,number,18 to under 21 years,,,,,,18.0
2016,number,18 to under 21 years,,,,,,43.0
2017,number,18 to under 21 years,,,,,,16.0
2018,number,18 to under 21 years,,,,,,26.0
2019,number,18 to under 21 years,,,,,,16.0
2020,number,18 to under 21 years,,,,,,21.0
2021,number,18 to under 21 years,,,,,,19.0
2022,number,18 to under 21 years,,,,,,23.0
2023,number,18 to under 21 years,,,,,,18.0
2024,number,18 to under 21 years,,,,,,27.0
2010,number,21 to under 60 years,,,,,,448.0
2011,number,21 to under 60 years,,,,,,424.0
2012,number,21 to under 60 years,,,,,,359.0
2013,number,21 to under 60 years,,,,,,377.0
2014,number,21 to under 60 years,,,,,,405.0
2015,number,21 to under 60 years,,,,,,343.0
2016,number,21 to under 60 years,,,,,,527.0
2017,number,21 to under 60 years,,,,,,414.0
2018,number,21 to under 60 years,,,,,,445.0
2019,number,21 to under 60 years,,,,,,349.0
2020,number,21 to under 60 years,,,,,,378.0
2021,number,21 to under 60 years,,,,,,336.0
2022,number,21 to under 60 years,,,,,,334.0
2023,number,21 to under 60 years,,,,,,430.0
2024,number,21 to under 60 years,,,,,,412.0
2010,number,60 years and older,,,,,,208.0
2011,number,60 years and older,,,,,,185.0
2012,number,60 years and older,,,,,,181.0
2013,number,60 years and older,,,,,,212.0
2014,number,60 years and older,,,,,,213.0
2015,number,60 years and older,,,,,,245.0
2016,number,60 years and older,,,,,,290.0
2017,number,60 years and older,,,,,,312.0
2018,number,60 years and older,,,,,,233.0
2019,number,60 years and older,,,,,,201.0
2020,number,60 years and older,,,,,,292.0
2021,number,60 years and older,,,,,,243.0
2022,number,60 years and older,,,,,,264.0
2023,number,60 years and older,,,,,,233.0
2024,number,60 years and older,,,,,,269.0
2010,number,,female,,,,,393.0
2011,number,,female,,,,,338.0
2012,number,,female,,,,,296.0
2013,number,,female,,,,,328.0
2014,number,,female,,,,,339.0
2015,number,,female,,,,,327.0
2016,number,,female,,,,,469.0
2017,number,,female,,,,,380.0
2018,number,,female,,,,,367.0
2019,number,,female,,,,,276.0
2020,number,,female,,,,,357.0
2021,number,,female,,,,,337.0
2022,number,,female,,,,,349.0
2023,number,,female,,,,,374.0
2024,number,,female,,,,,338.0
2010,number,,male,,,,,400.0
2011,number,,male,,,,,400.0
2012,number,,male,,,,,363.0
2013,number,,male,,,,,354.0
2014,number,,male,,,,,377.0
2015,number,,male,,,,,355.0
2016,number,,male,,,,,494.0
2017,number,,male,,,,,433.0
2018,number,,male,,,,,421.0
2019,number,,male,,,,,347.0
2020,number,,male,,,,,425.0
2021,number,,male,,,,,358.0
2022,number,,male,,,,,337.0
2023,number,,male,,,,,396.0
2024,number,,male,,,,,441.0
2010,number,13 years and younger,female,,,,,37.0
2011,number,13 years and younger,female,,,,,24.0
2012,number,13 years and younger,female,,,,,39.0
2013,number,13 years and younger,female,,,,,37.0
2014,number,13 years and younger,female,,,,,24.0
2015,number,13 years and younger,female,,,,,25.0
2016,number,13 years and younger,female,,,,,30.0
2017,number,13 years and younger,female,,,,,28.0
2018,number,13 years and younger,female,,,,,30.0
2019,number,13 years and younger,female,,,,,17.0
2020,number,13 years and younger,female,,,,,43.0
2021,number,13 years and younger,female,,,,,43.0
2022,number,13 years and younger,female,,,,,27.0
2023,number,13 years and younger,female,,,,,39.0
2024,number,13 years and younger,female,,,,,20.0
2010,number,13 years and younger,male,,,,,40.0
2011,number,13 years and younger,male,,,,,49.0
2012,number,13 years and younger,male,,,,,51.0
2013,number,13 years and younger,male,,,,,29.0
2014,number,13 years and younger,male,,,,,39.0
2015,number,13 years and younger,male,,,,,37.0
2016,number,13 years and younger,male,,,,,38.0
2017,number,13 years and younger,male,,,,,39.0
2018,number,13 years and younger,male,,,,,40.0
2019,number,13 years and younger,male,,,,,29.0
2020,number,13 years and younger,male,,,,,36.0
2021,number,13 years and younger,male,,,,,40.0
2022,number,13 years and younger,male,,,,,24.0
2023,number,13 years and younger,male,,,,,33.0
2024,number,13 years and younger,male,,,,,36.0
2010,number,14 to under 18 years,female,,,,,14.0
2011,number,14 to under 18 years,female,,,,,12.0
2012,number,14 to under 18 years,female,,‒,,,0.0
2013,number,14 to under 18 years,female,,,,,4.0
2014,number,14 to under 18 years,female,,,,,5.0
2015,number,14 to under 18 years,female,,,,,9.0
2016,number,14 to under 18 years,female,,,,,22.0
2017,number,14 to under 18 years,female,,,,,1.0
2018,number,14 to under 18 years,female,,,,,8.0
2019,number,14 to under 18 years,female,,,,,4.0
2020,number,14 to under 18 years,female,,,,,4.0
2021,number,14 to under 18 years,female,,,,,7.0
2022,number,14 to under 18 years,female,,,,,12.0
2023,number,14 to under 18 years,female,,,,,8.0
2024,number,14 to under 18 years,female,,,,,7.0
2010,number,14 to under 18 years,male,,,,,8.0
2011,number,14 to under 18 years,male,,,,,15.0
2012,number,14 to under 18 years,male,,,,,6.0
2013,number,14 to under 18 years,male,,,,,8.0
2014,number,14 to under 18 years,male,,,,,10.0
2015,number,14 to under 18 years,male,,,,,5.0
2016,number,14 to under 18 years,male,,,,,13.0
2017,number,14 to under 18 years,male,,,,,3.0
2018,number,14 to under 18 years,male,,,,,6.0
2019,number,14 to under 18 years,male,,,,,7.0
2020,number,14 to under 18 years,male,,,,,8.0
2021,number,14 to under 18 years,male,,,,,7.0
2022,number,14 to under 18 years,male,,,,,2.0
2023,number,14 to under 18 years,male,,,,,9.0
2024,number,14 to under 18 years,male,,,,,8.0
2010,number,18 to under 21 years,female,,,,,19.0
2011,number,18 to under 21 years,female,,,,,10.0
2012,number,18 to under 21 years,female,,,,,10.0
2013,number,18 to under 21 years,female,,,,,6.0
2014,number,18 to under 21 years,female,,,,,9.0
2015,number,18 to under 21 years,female,,,,,9.0
2016,number,18 to under 21 years,female,,,,,18.0
2017,number,18 to under 21 years,female,,,,,7.0
2018,number,18 to under 21 years,female,,,,,12.0
2019,number,18 to under 21 years,female,,,,,5.0
2020,number,18 to under 21 years,female,,,,,6.0
2021,number,18 to under 21 years,female,,,,,4.0
2022,number,18 to under 21 years,female,,,,,8.0
2023,number,18 to under 21 years,female,,,,,9.0
2024,number,18 to under 21 years,female,,,,,13.0
2010,number,18 to under 21 years,male,,,,,19.0
2011,number,18 to under 21 years,male,,,,,19.0
2012,number,18 to under 21 years,male,,,,,13.0
2013,number,18 to under 21 years,male,,,,,9.0
2014,number,18 to under 21 years,male,,,,,11.0
2015,number,18 to under 21 years,male,,,,,9.0
2016,number,18 to under 21 years,male,,,,,25.0
2017,number,18 to under 21 years,male,,,,,9.0
2018,number,18 to under 21 years,male,,,,,14.0
2019,number,18 to under 21 years,male,,,,,11.0
2020,number,18 to under 21 years,male,,,,,15.0
2021,number,18 to under 21 years,male,,,,,15.0
2022,number,18 to under 21 years,male,,,,,15.0
2023,number,18 to under 21 years,male,,,,,9.0
2024,number,18 to under 21 years,male,,,,,14.0
2010,number,21 to under 60 years,female,,,,,202.0
2011,number,21 to under 60 years,female,,,,,180.0
2012,number,21 to under 60 years,female,,,,,139.0
2013,number,21 to under 60 years,female,,,,,159.0
2014,number,21 to under 60 years,female,,,,,180.0
2015,number,21 to under 60 years,female,,,,,141.0
2016,number,21 to under 60 years,female,,,,,236.0
2017,number,21 to under 60 years,female,,,,,176.0
2018,number,21 to under 60 years,female,,,,,184.0
2019,number,21 to under 60 years,female,,,,,144.0
2020,number,21 to under 60 years,female,,,,,142.0
2021,number,21 to under 60 years,female,,,,,140.0
2022,number,21 to under 60 years,female,,,,,136.0
2023,number,21 to under 60 years,female,,,,,184.0
2024,number,21 to under 60 years,female,,,,,150.0
2010,number,21 to under 60 years,male,,,,,246.0
2011,number,21 to under 60 years,male,,,,,244.0
2012,number,21 to under 60 years,male,,,,,220.0
2013,number,21 to under 60 years,male,,,,,218.0
2014,number,21 to under 60 years,male,,,,,225.0
2015,number,21 to under 60 years,male,,,,,202.0
2016,number,21 to under 60 years,male,,,,,291.0
2017,number,21 to under 60 years,male,,,,,238.0
2018,number,21 to under 60 years,male,,,,,261.0
2019,number,21 to under 60 years,male,,,,,205.0
2020,number,21 to under 60 years,male,,,,,236.0
2021,number,21 to under 60 years,male,,,,,196.0
2022,number,21 to under 60 years,male,,,,,198.0
2023,number,21 to under 60 years,male,,,,,246.0
2024,number,21 to under 60 years,male,,,,,262.0
2010,number,60 years and older,female,,,,,121.0
2011,number,60 years and older,female,,,,,112.0
2012,number,60 years and older,female,,,,,108.0
2013,number,60 years and older,female,,,,,122.0
2014,number,60 years and older,female,,,,,121.0
2015,number,60 years and older,female,,,,,143.0
2016,number,60 years and older,female,,,,,163.0
2017,number,60 years and older,female,,,,,168.0
2018,number,60 years and older,female,,,,,133.0
2019,number,60 years and older,female,,,,,106.0
2020,number,60 years and older,female,,,,,162.0
2021,number,60 years and older,female,,,,,143.0
2022,number,60 years and older,female,,,,,166.0
2023,number,60 years and older,female,,,,,134.0
2024,number,60 years and older,female,,,,,148.0
2010,number,60 years and older,male,,,,,87.0
2011,number,60 years and older,male,,,,,73.0
2012,number,60 years and older,male,,,,,73.0
2013,number,60 years and older,male,,,,,90.0
2014,number,60 years and older,male,,,,,92.0
2015,number,60 years and older,male,,,,,102.0
2016,number,60 years and older,male,,,,,127.0
2017,number,60 years and older,male,,,,,144.0
2018,number,60 years and older,male,,,,,100.0
2019,number,60 years and older,male,,,,,95.0
2020,number,60 years and older,male,,,,,130.0
2021,number,60 years and older,male,,,,,100.0
2022,number,60 years and older,male,,,,,98.0
2023,number,60 years and older,male,,,,,99.0
2024,number,60 years and older,male,,,,,121.0
2010,number,,,intimate partner or family member,,,,343.0
2011,number,,,intimate partner or family member,,,,318.0
2012,number,,,intimate partner or family member,,,,287.0
2013,number,,,intimate partner or family member,,,,308.0
2014,number,,,intimate partner or family member,,,,340.0
2015,number,,,intimate partner or family member,,,,293.0
2016,number,,,intimate partner or family member,,,,325.0
2017,number,,,intimate partner or family member,,,,336.0
2018,number,,,intimate partner or family member,,,,310.0
2019,number,,,intimate partner or family member,,,,282.0
2020,number,,,intimate partner or family member,,,,332.0
2021,number,,,intimate partner or family member,,,,286.0
2022,number,,,intimate partner or family member,,,,271.0
2023,number,,,intimate partner or family member,,,,341.0
2024,number,,,intimate partner or family member,,,,304.0
2010,number,,female,intimate partner or family member,,,,232.0
2011,number,,female,intimate partner or family member,,,,228.0
2012,number,,female,intimate partner or family member,,,,182.0
2013,number,,female,intimate partner or family member,,,,224.0
2014,number,,female,intimate partner or family member,,,,241.0
2015,number,,female,intimate partner or family member,,,,210.0
2016,number,,female,intimate partner or family member,,,,238.0
2017,number,,female,intimate partner or family member,,,,231.0
2018,number,,female,intimate partner or family member,,,,204.0
2019,number,,female,intimate partner or family member,,,,187.0
2020,number,,female,intimate partner or family member,,,,225.0
2021,number,,female,intimate partner or family member,,,,207.0
2022,number,,female,intimate partner or family member,,,,198.0
2023,number,,female,intimate partner or family member,,,,253.0
2024,number,,female,intimate partner or family member,,,,203.0
2010,number,,male,intimate partner or family member,,,,111.0
2011,number,,male,intimate partner or family member,,,,90.0
2012,number,,male,intimate partner or family member,,,,105.0
2013,number,,male,intimate partner or family member,,,,84.0
2014,number,,male,intimate partner or family member,,,,99.0
2015,number,,male,intimate partner or family member,,,,83.0
2016,number,,male,intimate partner or family member,,,,87.0
2017,number,,male,intimate partner or family member,,,,105.0
2018,number,,male,intimate partner or family member,,,,106.0
2019,number,,male,intimate partner or family member,,,,95.0
2020,number,,male,intimate partner or family member,,,,107.0
2021,number,,male,intimate partner or family member,,,,79.0
2022,number,,male,intimate partner or family member,,,,73.0
2023,number,,male,intimate partner or family member,,,,88.0
2024,number,,male,intimate partner or family member,,,,101.0
2010,number,,,intimate partner,.,,,
2011,number,,,intimate partner,.,,,
2012,number,,,intimate partner,,,,133.0
2013,number,,,intimate partner,,,,175.0
2014,number,,,intimate partner,,,,197.0
2015,number,,,intimate partner,,,,163.0
2016,number,,,intimate partner,,,,181.0
2017,number,,,intimate partner,,,,189.0
2018,number,,,intimate partner,,,,155.0
2019,number,,,intimate partner,,,,156.0
2020,number,,,intimate partner,,,,177.0
2021,number,,,intimate partner,,,,135.0
2022,number,,,intimate partner,,,,158.0
2023,number,,,intimate partner,,,,183.0
2024,number,,,intimate partner,,,,164.0
2010,number,,female,intimate partner,.,,,
2011,number,,female,intimate partner,.,,,
2012,number,,female,intimate partner,,,,113.0
2013,number,,female,intimate partner,,,,146.0
2014,number,,female,intimate partner,,,,167.0
2015,number,,female,intimate partner,,,,139.0
2016,number,,female,intimate partner,,,,164.0
2017,number,,female,intimate partner,,,,153.0
2018,number,,female,intimate partner,,,,127.0
2019,number,,female,intimate partner,,,,123.0
2020,number,,female,intimate partner,,,,146.0
2021,number,,female,intimate partner,,,,121.0
2022,number,,female,intimate partner,,,,137.0
2023,number,,female,intimate partner,,,,159.0
2024,number,,female,intimate partner,,,,138.0
2010,number,,male,intimate partner,.,,,
2011,number,,male,intimate partner,.,,,
2012,number,,male,intimate partner,,,,20.0
2013,number,,male,intimate partner,,,,29.0
2014,number,,male,intimate partner,,,,30.0
2015,number,,male,intimate partner,,,,24.0
2016,number,,male,intimate partner,,,,17.0
2017,number,,male,intimate partner,,,,36.0
2018,number,,male,intimate partner,,,,28.0
2019,number,,male,intimate partner,,,,33.0
2020,number,,male,intimate partner,,,,31.0
2021,number,,male,intimate partner,,,,14.0
2022,number,,male,intimate partner,,,,21.0
2023,number,,male,intimate partner,,,,24.0
2024,number,,male,intimate partner,,,,26.0
2010,number,,,family member,.,,,
2011,number,,,family member,.,,,
2012,number,,,family member,,,,154.0
2013,number,,,family member,,,,133.0
2014,number,,,family member,,,,143.0
2015,number,,,family member,,,,130.0
2016,number,,,family member,,,,144.0
2017,number,,,family member,,,,147.0
2018,number,,,family member,,,,155.0
2019,number,,,family member,,,,126.0
2020,number,,,family member,,,,155.0
2021,number,,,family member,,,,151.0
2022,number,,,family member,,,,113.0
2023,number,,,family member,,,,158.0
2024,number,,,family member,,,,140.0
2010,number,,female,family member,.,,,
2011,number,,female,family member,.,,,
2012,number,,female,family member,,,,69.0
2013,number,,female,family member,,,,78.0
2014,number,,female,family member,,,,74.0
2015,number,,female,family member,,,,71.0
2016,number,,female,family member,,,,74.0
2017,number,,female,family member,,,,78.0
2018,number,,female,family member,,,,77.0
2019,number,,female,family member,,,,64.0
2020,number,,female,family member,,,,79.0
2021,number,,female,family member,,,,86.0
2022,number,,female,family member,,,,61.0
2023,number,,female,family member,,,,94.0
2024,number,,female,family member,,,,65.0
2010,number,,male,family member,.,,,
2011,number,,male,family member,.,,,
2012,number,,male,family member,,,,85.0
2013,number,,male,family member,,,,55.0
2014,number,,male,family member,,,,69.0
2015,number,,male,family member,,,,59.0
2016,number,,male,family member,,,,70.0
2017,number,,male,family member,,,,69.0
2018,number,,male,family member,,,,78.0
2019,number,,male,family member,,,,62.0
2020,number,,male,family member,,,,76.0
2021,number,,male,family member,,,,65.0
2022,number,,male,family member,,,,52.0
2023,number,,male,family member,,,,64.0
2024,number,,male,family member,,,,75.0
2010,"per 100,000 inhabitants",,,,,,,0.97
2011,"per 100,000 inhabitants",,,,,,,0.9
2012,"per 100,000 inhabitants",,,,,,,0.81
2013,"per 100,000 inhabitants",,,,|,,,0.86
2014,"per 100,000 inhabitants",,,,,,,0.89
2015,"per 100,000 inhabitants",,,,,,,0.84
2016,"per 100,000 inhabitants",,,,,,,1.17
2017,"per 100,000 inhabitants",,,,,,,0.99
2018,"per 100,000 inhabitants",,,,,,,0.95
2019,"per 100,000 inhabitants",,,,,,,0.75
2020,"per 100,000 inhabitants",,,,,,,0.94
2021,"per 100,000 inhabitants",,,,,,,0.84
2022,"per 100,000 inhabitants",,,,,,,0.82
2023,"per 100,000 inhabitants",,,,,,,0.91
2024,"per 100,000 inhabitants",,,,|,,,0.93
2010,"per 100,000 inhabitants",13 years and younger,,,,,,0.75
2011,"per 100,000 inhabitants",13 years and younger,,,,,,0.72
2012,"per 100,000 inhabitants",13 years and younger,,,,,,0.9
2013,"per 100,000 inhabitants",13 years and younger,,,|,,,0.67
2014,"per 100,000 inhabitants",13 years and younger,,,,,,0.64
2015,"per 100,000 inhabitants",13 years and younger,,,,,,0.63
2016,"per 100,000 inhabitants",13 years and younger,,,,,,0.67
2017,"per 100,000 inhabitants",13 years and younger,,,,,,0.65
2018,"per 100,000 inhabitants",13 years and younger,,,,,,0.67
2019,"per 100,000 inhabitants",13 years and younger,,,,,,0.49
2020,"per 100,000 inhabitants",13 years and younger,,,,,,0.74
2021,"per 100,000 inhabitants",13 years and younger,,,,,,0.77
2022,"per 100,000 inhabitants",13 years and younger,,,,,,0.47
2023,"per 100,000 inhabitants",13 years and younger,,,,,,0.65
2024,"per 100,000 inhabitants",13 years and younger,,,|,,,0.51
2010,"per 100,000 inhabitants",14 to under 18 years,,,,,,0.68
2011,"per 100,000 inhabitants",14 to under 18 years,,,,,,0.84
2012,"per 100,000 inhabitants",14 to under 18 years,,,,,,0.19
2013,"per 100,000 inhabitants",14 to under 18 years,,,|,,,0.37
2014,"per 100,000 inhabitants",14 to under 18 years,,,,,,0.47
2015,"per 100,000 inhabitants",14 to under 18 years,,,,,,0.44
2016,"per 100,000 inhabitants",14 to under 18 years,,,,,,1.09
2017,"per 100,000 inhabitants",14 to under 18 years,,,,,,0.13
2018,"per 100,000 inhabitants",14 to under 18 years,,,,,,0.45
2019,"per 100,000 inhabitants",14 to under 18 years,,,,,,0.36
2020,"per 100,000 inhabitants",14 to under 18 years,,,,,,0.4
2021,"per 100,000 inhabitants",14 to under 18 years,,,,,,0.47
2022,"per 100,000 inhabitants",14 to under 18 years,,,,,,0.46
2023,"per 100,000 inhabitants",14 to under 18 years,,,,,,0.55
2024,"per 100,000 inhabitants",14 to under 18 years,,,|,,,0.48
2010,"per 100,000 inhabitants",18 to under 21 years,,,,,,1.34
2011,"per 100,000 inhabitants",18 to under 21 years,,,,,,1.06
2012,"per 100,000 inhabitants",18 to under 21 years,,,,,,0.89
2013,"per 100,000 inhabitants",18 to under 21 years,,,|,,,0.61
2014,"per 100,000 inhabitants",18 to under 21 years,,,,,,0.82
2015,"per 100,000 inhabitants",18 to under 21 years,,,,,,0.73
2016,"per 100,000 inhabitants",18 to under 21 years,,,,,,1.65
2017,"per 100,000 inhabitants",18 to under 21 years,,,,,,0.6
2018,"per 100,000 inhabitants",18 to under 21 years,,,,,,0.99
2019,"per 100,000 inhabitants",18 to under 21 years,,,,,,0.62
2020,"per 100,000 inhabitants",18 to under 21 years,,,,,,0.83
2021,"per 100,000 inhabitants",18 to under 21 years,,,,,,0.77
2022,"per 100,000 inhabitants",18 to under 21 years,,,,,,0.96
2023,"per 100,000 inhabitants",18 to under 21 years,,,,,,0.74
2024,"per 100,000 inhabitants",18 to under 21 years,,,|,,,1.11
2010,"per 100,000 inhabitants",21 to under 60 years,,,,,,1.01
2011,"per 100,000 inhabitants",21 to under 60 years,,,,,,0.96
2012,"per 100,000 inhabitants",21 to under 60 years,,,,,,0.81
2013,"per 100,000 inhabitants",21 to under 60 years,,,|,,,0.87
2014,"per 100,000 inhabitants",21 to under 60 years,,,,,,0.93
2015,"per 100,000 inhabitants",21 to under 60 years,,,,,,0.75
2016,"per 100,000 inhabitants",21 to under 60 years,,,,,,1.2
2017,"per 100,000 inhabitants",21 to under 60 years,,,,,,0.95
2018,"per 100,000 inhabitants",21 to under 60 years,,,,,,1.02
2019,"per 100,000 inhabitants",21 to under 60 years,,,,,,0.8
2020,"per 100,000 inhabitants",21 to under 60 years,,,,,,0.87
2021,"per 100,000 inhabitants",21 to under 60 years,,,,,,0.78
2022,"per 100,000 inhabitants",21 to under 60 years,,,,,,0.79
2023,"per 100,000 inhabitants",21 to under 60 years,,,,,,1.0
2024,"per 100,000 inhabitants",21 to under 60 years,,,|,,,0.98
2010,"per 100,000 inhabitants",60 years and older,,,,,,0.98
2011,"per 100,000 inhabitants",60 years and older,,,,,,0.86
2012,"per 100,000 inhabitants",60 years and older,,,,,,0.83
2013,"per 100,000 inhabitants",60 years and older,,,|,,,0.98
2014,"per 100,000 inhabitants",60 years and older,,,,,,0.97
2015,"per 100,000 inhabitants",60 years and older,,,,,,1.1
2016,"per 100,000 inhabitants",60 years and older,,,,,,1.29
2017,"per 100,000 inhabitants",60 years and older,,,,,,1.37
2018,"per 100,000 inhabitants",60 years and older,,,,,,1.01
2019,"per 100,000 inhabitants",60 years and older,,,,,,0.86
2020,"per 100,000 inhabitants",60 years and older,,,,,,1.23
2021,"per 100,000 inhabitants",60 years and older,,,,,,1.01
2022,"per 100,000 inhabitants",60 years and older,,,,,,1.08
2023,"per 100,000 inhabitants",60 years and older,,,,,,0.94
2024,"per 100,000 inhabitants",60 years and older,,,|,,,1.07
2010,"per 100,000 inhabitants",,female,,,,,0.94
2011,"per 100,000 inhabitants",,female,,,,,0.81
2012,"per 100,000 inhabitants",,female,,,,,0.71
2013,"per 100,000 inhabitants",,female,,|,,,0.8
2014,"per 100,000 inhabitants",,female,,,,,0.82
2015,"per 100,000 inhabitants",,female,,,,,0.79
2016,"per 100,000 inhabitants",,female,,,,,1.13
2017,"per 100,000 inhabitants",,female,,,,,0.91
2018,"per 100,000 inhabitants",,female,,,,,0.87
2019,"per 100,000 inhabitants",,female,,,,,0.66
2020,"per 100,000 inhabitants",,female,,,,,0.85
2021,"per 100,000 inhabitants",,female,,,,,0.8
2022,"per 100,000 inhabitants",,female,,,,,0.83
2023,"per 100,000 inhabitants",,female,,,,,0.87
2024,"per 100,000 inhabitants",,female,,|,,,0.8
2010,"per 100,000 inhabitants",,male,,,,,1.0
2011,"per 100,000 inhabitants",,male,,,,,1.0
2012,"per 100,000 inhabitants",,male,,,,,0.9
2013,"per 100,000 inhabitants",,male,,|,,,0.9
2014,"per 100,000 inhabitants",,male,,,,,0.95
2015,"per 100,000 inhabitants",,male,,,,,0.86
2016,"per 100,000 inhabitants",,male,,,,,1.22
2017,"per 100,000 inhabitants",,male,,,,,1.06
2018,"per 100,000 inhabitants",,male,,,,,1.03
2019,"per 100,000 inhabitants",,male,,,,,0.85
2020,"per 100,000 inhabitants",,male,,,,,1.04
2021,"per 100,000 inhabitants",,male,,,,,0.87
2022,"per 100,000 inhabitants",,male,,,,,0.82
2023,"per 100,000 inhabitants",,male,,,,,0.95
2024,"per 100,000 inhabitants",,male,,|,,,1.07
2010,"per 100,000 inhabitants",13 years and younger,female,,,,,0.74
2011,"per 100,000 inhabitants",13 years and younger,female,,,,,0.49
2012,"per 100,000 inhabitants",13 years and younger,female,,,,,0.8
2013,"per 100,000 inhabitants",13 years and younger,female,,|,,,0.77
2014,"per 100,000 inhabitants",13 years and younger,female,,,,,0.5
2015,"per 100,000 inhabitants",13 years and younger,female,,,,,0.52
2016,"per 100,000 inhabitants",13 years and younger,female,,,,,0.61
2017,"per 100,000 inhabitants",13 years and younger,female,,,,,0.56
2018,"per 100,000 inhabitants",13 years and younger,female,,,,,0.59
2019,"per 100,000 inhabitants",13 years and younger,female,,,,,0.33
2020,"per 100,000 inhabitants",13 years and younger,female,,,,,0.81
2021,"per 100,000 inhabitants",13 years and younger,female,,,,,0.82
2022,"per 100,000 inhabitants",13 years and younger,female,,,,,0.51
2023,"per 100,000 inhabitants",13 years and younger,female,,,,,0.72
2024,"per 100,000 inhabitants",13 years and younger,female,,|,,,0.38
2010,"per 100,000 inhabitants",13 years and younger,male,,,,,0.76
2011,"per 100,000 inhabitants",13 years and younger,male,,,,,0.94
2012,"per 100,000 inhabitants",13 years and younger,male,,,,,0.99
2013,"per 100,000 inhabitants",13 years and younger,male,,|,,,0.57
2014,"per 100,000 inhabitants",13 years and younger,male,,,,,0.77
2015,"per 100,000 inhabitants",13 years and younger,male,,,,,0.73
2016,"per 100,000 inhabitants",13 years and younger,male,,,,,0.73
2017,"per 100,000 inhabitants",13 years and younger,male,,,,,0.74
2018,"per 100,000 inhabitants",13 years and younger,male,,,,,0.75
2019,"per 100,000 inhabitants",13 years and younger,male,,,,,0.53
2020,"per 100,000 inhabitants",13 years and younger,male,,,,,0.68
2021,"per 100,000 inhabitants",13 years and younger,male,,,,,0.72
2022,"per 100,000 inhabitants",13 years and younger,male,,,,,0.43
2023,"per 100,000 inhabitants",13 years and younger,male,,,,,0.58
2024,"per 100,000 inhabitants",13 years and younger,male,,|,,,0.65
2010,"per 100,000 inhabitants",14 to under 18 years,female,,,,,0.89
2011,"per 100,000 inhabitants",14 to under 18 years,female,,,,,0.77
2012,"per 100,000 inhabitants",14 to under 18 years,female,,‒,,,0.0
2013,"per 100,000 inhabitants",14 to under 18 years,female,,|,,,0.26
2014,"per 100,000 inhabitants",14 to under 18 years,female,,,,,0.32
2015,"per 100,000 inhabitants",14 to under 18 years,female,,,,,0.58
2016,"per 100,000 inhabitants",14 to under 18 years,female,,,,,1.43
2017,"per 100,000 inhabitants",14 to under 18 years,female,,,,,0.07
2018,"per 100,000 inhabitants",14 to under 18 years,female,,,,,0.53
2019,"per 100,000 inhabitants",14 to under 18 years,female,,,,,0.27
2020,"per 100,000 inhabitants",14 to under 18 years,female,,,,,0.27
2021,"per 100,000 inhabitants",14 to under 18 years,female,,,,,0.48
2022,"per 100,000 inhabitants",14 to under 18 years,female,,,,,0.82
2023,"per 100,000 inhabitants",14 to under 18 years,female,,,,,0.53
2024,"per 100,000 inhabitants",14 to under 18 years,female,,|,,,0.47
2010,"per 100,000 inhabitants",14 to under 18 years,male,,,,,0.48
2011,"per 100,000 inhabitants",14 to under 18 years,male,,,,,0.91
2012,"per 100,000 inhabitants",14 to under 18 years,male,,,,,0.28
2013,"per 100,000 inhabitants",14 to under 18 years,male,,|,,,0.49
2014,"per 100,000 inhabitants",14 to under 18 years,male,,,,,0.61
2015,"per 100,000 inhabitants",14 to under 18 years,male,,,,,0.3
2016,"per 100,000 inhabitants",14 to under 18 years,male,,,,,0.78
2017,"per 100,000 inhabitants",14 to under 18 years,male,,,,,0.18
2018,"per 100,000 inhabitants",14 to under 18 years,male,,,,,0.37
2019,"per 100,000 inhabitants",14 to under 18 years,male,,,,,0.44
2020,"per 100,000 inhabitants",14 to under 18 years,male,,,,,0.51
2021,"per 100,000 inhabitants",14 to under 18 years,male,,,,,0.45
2022,"per 100,000 inhabitants",14 to under 18 years,male,,,,,0.13
2023,"per 100,000 inhabitants",14 to under 18 years,male,,,,,0.56
2024,"per 100,000 inhabitants",14 to under 18 years,male,,|,,,0.5
2010,"per 100,000 inhabitants",18 to under 21 years,female,,,,,1.37
2011,"per 100,000 inhabitants",18 to under 21 years,female,,,,,0.75
2012,"per 100,000 inhabitants",18 to under 21 years,female,,,,,0.79
2013,"per 100,000 inhabitants",18 to under 21 years,female,,|,,,0.5
2014,"per 100,000 inhabitants",18 to under 21 years,female,,,,,0.76
2015,"per 100,000 inhabitants",18 to under 21 years,female,,,,,0.75
2016,"per 100,000 inhabitants",18 to under 21 years,female,,,,,1.45
2017,"per 100,000 inhabitants",18 to under 21 years,female,,,,,0.56
2018,"per 100,000 inhabitants",18 to under 21 years,female,,,,,0.96
2019,"per 100,000 inhabitants",18 to under 21 years,female,,,,,0.41
2020,"per 100,000 inhabitants",18 to under 21 years,female,,,,,0.5
2021,"per 100,000 inhabitants",18 to under 21 years,female,,,,,0.34
2022,"per 100,000 inhabitants",18 to under 21 years,female,,,,,0.69
2023,"per 100,000 inhabitants",18 to under 21 years,female,,,,,0.76
2024,"per 100,000 inhabitants",18 to under 21 years,female,,|,,,1.12
2010,"per 100,000 inhabitants",18 to under 21 years,male,,,,,1.31
2011,"per 100,000 inhabitants",18 to under 21 years,male,,,,,1.36
2012,"per 100,000 inhabitants",18 to under 21 years,male,,,,,0.98
2013,"per 100,000 inhabitants",18 to under 21 years,male,,|,,,0.71
2014,"per 100,000 inhabitants",18 to under 21 years,male,,,,,0.88
2015,"per 100,000 inhabitants",18 to under 21 years,male,,,,,0.7
2016,"per 100,000 inhabitants",18 to under 21 years,male,,,,,1.82
2017,"per 100,000 inhabitants",18 to under 21 years,male,,,,,0.65
2018,"per 100,000 inhabitants",18 to under 21 years,male,,,,,1.01
2019,"per 100,000 inhabitants",18 to under 21 years,male,,,,,0.81
2020,"per 100,000 inhabitants",18 to under 21 years,male,,,,,1.13
2021,"per 100,000 inhabitants",18 to under 21 years,male,,,,,1.18
2022,"per 100,000 inhabitants",18 to under 21 years,male,,,,,1.21
2023,"per 100,000 inhabitants",18 to under 21 years,male,,,,,0.71
2024,"per 100,000 inhabitants",18 to under 21 years,male,,|,,,1.11
2010,"per 100,000 inhabitants",21 to under 60 years,female,,,,,0.92
2011,"per 100,000 inhabitants",21 to under 60 years,female,,,,,0.83
2012,"per 100,000 inhabitants",21 to under 60 years,female,,,,,0.64
2013,"per 100,000 inhabitants",21 to under 60 years,female,,|,,,0.74
2014,"per 100,000 inhabitants",21 to under 60 years,female,,,,,0.84
2015,"per 100,000 inhabitants",21 to under 60 years,female,,,,,0.62
2016,"per 100,000 inhabitants",21 to under 60 years,female,,,,,1.1
2017,"per 100,000 inhabitants",21 to under 60 years,female,,,,,0.82
2018,"per 100,000 inhabitants",21 to under 60 years,female,,,,,0.86
2019,"per 100,000 inhabitants",21 to under 60 years,female,,,,,0.67
2020,"per 100,000 inhabitants",21 to under 60 years,female,,,,,0.67
2021,"per 100,000 inhabitants",21 to under 60 years,female,,,,,0.66
2022,"per 100,000 inhabitants",21 to under 60 years,female,,,,,0.65
2023,"per 100,000 inhabitants",21 to under 60 years,female,,,,,0.87
2024,"per 100,000 inhabitants",21 to under 60 years,female,,|,,,0.73
2010,"per 100,000 inhabitants",21 to under 60 years,male,,,,,1.1
2011,"per 100,000 inhabitants",21 to under 60 years,male,,,,,1.09
2012,"per 100,000 inhabitants",21 to under 60 years,male,,,,,0.98
2013,"per 100,000 inhabitants",21 to under 60 years,male,,|,,,1.0
2014,"per 100,000 inhabitants",21 to under 60 years,male,,,,,1.03
2015,"per 100,000 inhabitants",21 to under 60 years,male,,,,,0.87
2016,"per 100,000 inhabitants",21 to under 60 years,male,,,,,1.31
2017,"per 100,000 inhabitants",21 to under 60 years,male,,,,,1.07
2018,"per 100,000 inhabitants",21 to under 60 years,male,,,,,1.18
2019,"per 100,000 inhabitants",21 to under 60 years,male,,,,,0.93
2020,"per 100,000 inhabitants",21 to under 60 years,male,,,,,1.07
2021,"per 100,000 inhabitants",21 to under 60 years,male,,,,,0.9
2022,"per 100,000 inhabitants",21 to under 60 years,male,,,,,0.92
2023,"per 100,000 inhabitants",21 to under 60 years,male,,,,,1.13
2024,"per 100,000 inhabitants",21 to under 60 years,male,,|,,,1.23
2010,"per 100,000 inhabitants",60 years and older,female,,,,,1.02
2011,"per 100,000 inhabitants",60 years and older,female,,,,,0.93
2012,"per 100,000 inhabitants",60 years and older,female,,,,,0.89
2013,"per 100,000 inhabitants",60 years and older,female,,|,,,1.01
2014,"per 100,000 inhabitants",60 years and older,female,,,,,0.99
2015,"per 100,000 inhabitants",60 years and older,female,,,,,1.16
2016,"per 100,000 inhabitants",60 years and older,female,,,,,1.31
2017,"per 100,000 inhabitants",60 years and older,female,,,,,1.33
2018,"per 100,000 inhabitants",60 years and older,female,,,,,1.04
2019,"per 100,000 inhabitants",60 years and older,female,,,,,0.82
2020,"per 100,000 inhabitants",60 years and older,female,,,,,1.24
2021,"per 100,000 inhabitants",60 years and older,female,,,,,1.08
2022,"per 100,000 inhabitants",60 years and older,female,,,,,1.24
2023,"per 100,000 inhabitants",60 years and older,female,,,,,0.99
2024,"per 100,000 inhabitants",60 years and older,female,,|,,,1.08
2010,"per 100,000 inhabitants",60 years and older,male,,,,,0.93
2011,"per 100,000 inhabitants",60 years and older,male,,,,,0.77
2012,"per 100,000 inhabitants",60 years and older,male,,,,,0.76
2013,"per 100,000 inhabitants",60 years and older,male,,|,,,0.94
2014,"per 100,000 inhabitants",60 years and older,male,,,,,0.95
2015,"per 100,000 inhabitants",60 years and older,male,,,,,1.03
2016,"per 100,000 inhabitants",60 years and older,male,,,,,1.27
2017,"per 100,000 inhabitants",60 years and older,male,,,,,1.41
2018,"per 100,000 inhabitants",60 years and older,male,,,,,0.97
2019,"per 100,000 inhabitants",60 years and older,male,,,,,0.9
2020,"per 100,000 inhabitants",60 years and older,male,,,,,1.21
2021,"per 100,000 inhabitants",60 years and older,male,,,,,0.92
2022,"per 100,000 inhabitants",60 years and older,male,,,,,0.89
2023,"per 100,000 inhabitants",60 years and older,male,,,,,0.88
2024,"per 100,000 inhabitants",60 years and older,male,,|,,,1.06
2010,percentage,,,,0,,,0.00097
2011,percentage,,,,0,,,0.00092
2012,percentage,,,,0,,,0.00082
2013,percentage,,,,0,,,0.00085
2014,percentage,,,,0,,,0.00088
2015,percentage,,,,0,,,0.00083
2016,percentage,,,,0,,,0.00117
2017,percentage,,,,0,,,0.00099
2018,percentage,,,,0,,,0.00096
2019,percentage,,,,0,,,0.00076
2020,percentage,,,,0,,,0.00095
2021,percentage,,,,0,,,0.00085
2022,percentage,,,,0,,,0.00083
2023,percentage,,,,0,,,0.00092
2024,percentage,,,,0,,,0.00093
2010,percentage,13 years and younger,,,0,,,0.00076
2011,percentage,13 years and younger,,,0,,,0.0008
2012,percentage,13 years and younger,,,0,,,0.00099
2013,percentage,13 years and younger,,,0,,,0.00073
2014,percentage,13 years and younger,,,0,,,0.00069
2015,percentage,13 years and younger,,,0,,,0.00067
2016,percentage,13 years and younger,,,0,,,0.00072
2017,percentage,13 years and younger,,,0,,,0.0007
2018,percentage,13 years and younger,,,0,,,0.00072
2019,percentage,13 years and younger,,,0,,,0.00047
2020,percentage,13 years and younger,,,0,,,0.00081
2021,percentage,13 years and younger,,,0,,,0.00085
2022,percentage,13 years and younger,,,0,,,0.00048
2023,percentage,13 years and younger,,,0,,,0.00066
2024,percentage,13 years and younger,,,0,,,0.00052
2010,percentage,14 to under 18 years,,,0,,,0.00068
2011,percentage,14 to under 18 years,,,0,,,0.00068
2012,percentage,14 to under 18 years,,,0,,,0.00015
2013,percentage,14 to under 18 years,,,0,,,0.0003
2014,percentage,14 to under 18 years,,,0,,,0.00038
2015,percentage,14 to under 18 years,,,0,,,0.00036
2016,percentage,14 to under 18 years,,,0,,,0.0009
2017,percentage,14 to under 18 years,,,0,,,0.00011
2018,percentage,14 to under 18 years,,,0,,,0.00037
2019,percentage,14 to under 18 years,,,0,,,0.0003
2020,percentage,14 to under 18 years,,,0,,,0.00033
2021,percentage,14 to under 18 years,,,0,,,0.00038
2022,percentage,14 to under 18 years,,,0,,,0.00046
2023,percentage,14 to under 18 years,,,0,,,0.00055
2024,percentage,14 to under 18 years,,,0,,,0.00048
2010,percentage,18 to under 21 years,,,0,,,0.00137
2011,percentage,18 to under 21 years,,,0,,,0.00114
2012,percentage,18 to under 21 years,,,0,,,0.00093
2013,percentage,18 to under 21 years,,,0,,,0.00061
2014,percentage,18 to under 21 years,,,0,,,0.00081
2015,percentage,18 to under 21 years,,,0,,,0.0007
2016,percentage,18 to under 21 years,,,0,,,0.00164
2017,percentage,18 to under 21 years,,,0,,,0.00062
2018,percentage,18 to under 21 years,,,0,,,0.00102
2019,percentage,18 to under 21 years,,,0,,,0.00064
2020,percentage,18 to under 21 years,,,0,,,0.00088
2021,percentage,18 to under 21 years,,,0,,,0.00082
2022,percentage,18 to under 21 years,,,0,,,0.00098
2023,percentage,18 to under 21 years,,,0,,,0.00075
2024,percentage,18 to under 21 years,,,0,,,0.00111
2010,percentage,21 to under 60 years,,,0,,,0.00101
2011,percentage,21 to under 60 years,,,0,,,0.00098
2012,percentage,21 to under 60 years,,,0,,,0.00083
2013,percentage,21 to under 60 years,,,0,,,0.00087
2014,percentage,21 to under 60 years,,,0,,,0.00094
2015,percentage,21 to under 60 years,,,0,,,0.00079
2016,percentage,21 to under 60 years,,,0,,,0.00122
2017,percentage,21 to under 60 years,,,0,,,0.00096
2018,percentage,21 to under 60 years,,,0,,,0.00103
2019,percentage,21 to under 60 years,,,0,,,0.00082
2020,percentage,21 to under 60 years,,,0,,,0.00089
2021,percentage,21 to under 60 years,,,0,,,0.0008
2022,percentage,21 to under 60 years,,,0,,,0.00079
2023,percentage,21 to under 60 years,,,0,,,0.00102
2024,percentage,21 to under 60 years,,,0,,,0.00098
2010,percentage,60 years and older,,,0,,,0.00097
2011,percentage,60 years and older,,,0,,,0.00086
2012,percentage,60 years and older,,,0,,,0.00083
2013,percentage,60 years and older,,,0,,,0.00097
2014,percentage,60 years and older,,,0,,,0.00096
2015,percentage,60 years and older,,,0,,,0.00109
2016,percentage,60 years and older,,,0,,,0.00128
2017,percentage,60 years and older,,,0,,,0.00136
2018,percentage,60 years and older,,,0,,,0.001
2019,percentage,60 years and older,,,0,,,0.00085
2020,percentage,60 years and older,,,0,,,0.00122
2021,percentage,60 years and older,,,0,,,0.001
2022,percentage,60 years and older,,,0,,,0.00108
2023,percentage,60 years and older,,,0,,,0.00094
2024,percentage,60 years and older,,,0,,,0.00106
2010,percentage,,female,,0,,,0.00094
2011,percentage,,female,,0,,,0.00082
2012,percentage,,female,,0,,,0.00072
2013,percentage,,female,,0,,,0.0008
2014,percentage,,female,,0,,,0.00082
2015,percentage,,female,,0,,,0.00079
2016,percentage,,female,,0,,,0.00113
2017,percentage,,female,,0,,,0.00091
2018,percentage,,female,,0,,,0.00088
2019,percentage,,female,,0,,,0.00066
2020,percentage,,female,,0,,,0.00086
2021,percentage,,female,,0,,,0.00081
2022,percentage,,female,,0,,,0.00083
2023,percentage,,female,,0,,,0.00089
2024,percentage,,female,,0,,,0.0008
2010,percentage,,male,,0,,,0.001
2011,percentage,,male,,0,,,0.00102
2012,percentage,,male,,0,,,0.00092
2013,percentage,,male,,0,,,0.0009
2014,percentage,,male,,0,,,0.00095
2015,percentage,,male,,0,,,0.00088
2016,percentage,,male,,0,,,0.00122
2017,percentage,,male,,0,,,0.00107
2018,percentage,,male,,0,,,0.00104
2019,percentage,,male,,0,,,0.00086
2020,percentage,,male,,0,,,0.00105
2021,percentage,,male,,0,,,0.00089
2022,percentage,,male,,0,,,0.00083
2023,percentage,,male,,0,,,0.00096
2024,percentage,,male,,0,,,0.00107
2010,percentage,13 years and younger,female,,0,,,0.00075
2011,percentage,13 years and younger,female,,0,,,0.00054
2012,percentage,13 years and younger,female,,0,,,0.00088
2013,percentage,13 years and younger,female,,0,,,0.00084
2014,percentage,13 years and younger,female,,0,,,0.00054
2015,percentage,13 years and younger,female,,0,,,0.00055
2016,percentage,13 years and younger,female,,0,,,0.00065
2017,percentage,13 years and younger,female,,0,,,0.0006
2018,percentage,13 years and younger,female,,0,,,0.00064
2019,percentage,13 years and younger,female,,0,,,0.00036
2020,percentage,13 years and younger,female,,0,,,0.0009
2021,percentage,13 years and younger,female,,0,,,0.0009
2022,percentage,13 years and younger,female,,0,,,0.00052
2023,percentage,13 years and younger,female,,0,,,0.00074
2024,percentage,13 years and younger,female,,0,,,0.00038
2010,percentage,13 years and younger,male,,0,,,0.00077
2011,percentage,13 years and younger,male,,0,,,0.00104
2012,percentage,13 years and younger,male,,0,,,0.00109
2013,percentage,13 years and younger,male,,0,,,0.00062
2014,percentage,13 years and younger,male,,0,,,0.00084
2015,percentage,13 years and younger,male,,0,,,0.00077
2016,percentage,13 years and younger,male,,0,,,0.00078
2017,percentage,13 years and younger,male,,0,,,0.00079
2018,percentage,13 years and younger,male,,0,,,0.00081
2019,percentage,13 years and younger,male,,0,,,0.00058
2020,percentage,13 years and younger,male,,0,,,0.00072
2021,percentage,13 years and younger,male,,0,,,0.0008
2022,percentage,13 years and younger,male,,0,,,0.00044
2023,percentage,13 years and younger,male,,0,,,0.00059
2024,percentage,13 years and younger,male,,0,,,0.00065
2010,percentage,14 to under 18 years,female,,0,,,0.00089
2011,percentage,14 to under 18 years,female,,0,,,0.00062
2012,percentage,14 to under 18 years,female,,‒,,,0.0
2013,percentage,14 to under 18 years,female,,0,,,0.00021
2014,percentage,14 to under 18 years,female,,0,,,0.00026
2015,percentage,14 to under 18 years,female,,0,,,0.00048
2016,percentage,14 to under 18 years,female,,0,,,0.00118
2017,percentage,14 to under 18 years,female,,0,,,0.0
2018,percentage,14 to under 18 years,female,,0,,,0.00044
2019,percentage,14 to under 18 years,female,,0,,,0.00022
2020,percentage,14 to under 18 years,female,,0,,,0.00022
2021,percentage,14 to under 18 years,female,,0,,,0.00039
2022,percentage,14 to under 18 years,female,,0,,,0.00082
2023,percentage,14 to under 18 years,female,,0,,,0.00054
2024,percentage,14 to under 18 years,female,,0,,,0.00047
2010,percentage,14 to under 18 years,male,,0,,,0.00048
2011,percentage,14 to under 18 years,male,,0,,,0.00074
2012,percentage,14 to under 18 years,male,,0,,,0.00029
2013,percentage,14 to under 18 years,male,,0,,,0.00039
2014,percentage,14 to under 18 years,male,,0,,,0.00049
2015,percentage,14 to under 18 years,male,,0,,,0.00025
2016,percentage,14 to under 18 years,male,,0,,,0.00065
2017,percentage,14 to under 18 years,male,,0,,,0.00015
2018,percentage,14 to under 18 years,male,,0,,,0.00031
2019,percentage,14 to under 18 years,male,,0,,,0.00037
2020,percentage,14 to under 18 years,male,,0,,,0.00042
2021,percentage,14 to under 18 years,male,,0,,,0.00037
2022,percentage,14 to under 18 years,male,,0,,,0.00013
2023,percentage,14 to under 18 years,male,,0,,,0.00056
2024,percentage,14 to under 18 years,male,,0,,,0.0005
2010,percentage,18 to under 21 years,female,,0,,,0.0014
2011,percentage,18 to under 21 years,female,,0,,,0.00081
2012,percentage,18 to under 21 years,female,,0,,,0.00083
2013,percentage,18 to under 21 years,female,,0,,,0.0005
2014,percentage,18 to under 21 years,female,,0,,,0.00075
2015,percentage,18 to under 21 years,female,,0,,,0.00073
2016,percentage,18 to under 21 years,female,,0,,,0.00145
2017,percentage,18 to under 21 years,female,,0,,,0.00057
2018,percentage,18 to under 21 years,female,,0,,,0.00099
2019,percentage,18 to under 21 years,female,,0,,,0.00042
2020,percentage,18 to under 21 years,female,,0,,,0.00052
2021,percentage,18 to under 21 years,female,,0,,,0.00036
2022,percentage,18 to under 21 years,female,,0,,,0.0007
2023,percentage,18 to under 21 years,female,,0,,,0.00078
2024,percentage,18 to under 21 years,female,,0,,,0.00111
2010,percentage,18 to under 21 years,male,,0,,,0.00133
2011,percentage,18 to under 21 years,male,,0,,,0.00146
2012,percentage,18 to under 21 years,male,,0,,,0.00102
2013,percentage,18 to under 21 years,male,,0,,,0.00072
2014,percentage,18 to under 21 years,male,,0,,,0.00087
2015,percentage,18 to under 21 years,male,,0,,,0.00066
2016,percentage,18 to under 21 years,male,,0,,,0.00182
2017,percentage,18 to under 21 years,male,,0,,,0.00066
2018,percentage,18 to under 21 years,male,,0,,,0.00105
2019,percentage,18 to under 21 years,male,,0,,,0.00085
2020,percentage,18 to under 21 years,male,,0,,,0.00121
2021,percentage,18 to under 21 years,male,,0,,,0.00125
2022,percentage,18 to under 21 years,male,,0,,,0.00124
2023,percentage,18 to under 21 years,male,,0,,,0.00072
2024,percentage,18 to under 21 years,male,,0,,,0.0011
2010,percentage,21 to under 60 years,female,,0,,,0.00093
2011,percentage,21 to under 60 years,female,,0,,,0.00084
2012,percentage,21 to under 60 years,female,,0,,,0.00065
2013,percentage,21 to under 60 years,female,,0,,,0.00074
2014,percentage,21 to under 60 years,female,,0,,,0.00084
2015,percentage,21 to under 60 years,female,,0,,,0.00066
2016,percentage,21 to under 60 years,female,,0,,,0.00111
2017,percentage,21 to under 60 years,female,,0,,,0.00083
2018,percentage,21 to under 60 years,female,,0,,,0.00087
2019,percentage,21 to under 60 years,female,,0,,,0.00069
2020,percentage,21 to under 60 years,female,,0,,,0.00068
2021,percentage,21 to under 60 years,female,,0,,,0.00068
2022,percentage,21 to under 60 years,female,,0,,,0.00066
2023,percentage,21 to under 60 years,female,,0,,,0.00089
2024,percentage,21 to under 60 years,female,,0,,,0.00073
2010,percentage,21 to under 60 years,male,,0,,,0.0011
2011,percentage,21 to under 60 years,male,,0,,,0.00112
2012,percentage,21 to under 60 years,male,,0,,,0.00101
2013,percentage,21 to under 60 years,male,,0,,,0.001
2014,percentage,21 to under 60 years,male,,0,,,0.00103
2015,percentage,21 to under 60 years,male,,0,,,0.00091
2016,percentage,21 to under 60 years,male,,0,,,0.00132
2017,percentage,21 to under 60 years,male,,0,,,0.00108
2018,percentage,21 to under 60 years,male,,0,,,0.00119
2019,percentage,21 to under 60 years,male,,0,,,0.00094
2020,percentage,21 to under 60 years,male,,0,,,0.0011
2021,percentage,21 to under 60 years,male,,0,,,0.00092
2022,percentage,21 to under 60 years,male,,0,,,0.00093
2023,percentage,21 to under 60 years,male,,0,,,0.00115
2024,percentage,21 to under 60 years,male,,0,,,0.00123
2010,percentage,60 years and older,female,,0,,,0.00101
2011,percentage,60 years and older,female,,0,,,0.00093
2012,percentage,60 years and older,female,,0,,,0.00089
2013,percentage,60 years and older,female,,0,,,0.001
2014,percentage,60 years and older,female,,0,,,0.00098
2015,percentage,60 years and older,female,,0,,,0.00115
2016,percentage,60 years and older,female,,0,,,0.0013
2017,percentage,60 years and older,female,,0,,,0.00133
2018,percentage,60 years and older,female,,0,,,0.00104
2019,percentage,60 years and older,female,,0,,,0.00082
2020,percentage,60 years and older,female,,0,,,0.00124
2021,percentage,60 years and older,female,,0,,,0.00108
2022,percentage,60 years and older,female,,0,,,0.00124
2023,percentage,60 years and older,female,,0,,,0.00099
2024,percentage,60 years and older,female,,0,,,0.00107
2010,percentage,60 years and older,male,,0,,,0.00093
2011,percentage,60 years and older,male,,0,,,0.00077
2012,percentage,60 years and older,male,,0,,,0.00076
2013,percentage,60 years and older,male,,0,,,0.00093
2014,percentage,60 years and older,male,,0,,,0.00093
2015,percentage,60 years and older,male,,0,,,0.00102
2016,percentage,60 years and older,male,,0,,,0.00125
2017,percentage,60 years and older,male,,0,,,0.0014
2018,percentage,60 years and older,male,,0,,,0.00096
2019,percentage,60 years and older,male,,0,,,0.00089
2020,percentage,60 years and older,male,,0,,,0.0012
2021,percentage,60 years and older,male,,0,,,0.00091
2022,percentage,60 years and older,male,,0,,,0.00089
2023,percentage,60 years and older,male,,0,,,0.00088
2024,percentage,60 years and older,male,,0,,,0.00105
