Year,completeness of disaggregation,goal,COMMENT_OBS_0,COMMENT_OBS_1,COMMENT_OBS_2,Value
2023,fully disaggregated,,.,,,
2024,fully disaggregated,,,,,23.0
2025,fully disaggregated,,,,,
2023,partially disaggregated,,.,,,
2024,partially disaggregated,,,,,23.0
2025,partially disaggregated,,,,,
2023,not disaggregated,,.,,,
2024,not disaggregated,,,,,54.0
2025,not disaggregated,,,,,
2023,fully disaggregated,1 - no poverty,.,,,
2024,fully disaggregated,1 - no poverty,-,,,0.0
2025,fully disaggregated,1 - no poverty,,,,
2023,partially disaggregated,1 - no poverty,.,,,
2024,partially disaggregated,1 - no poverty,,,,25.0
2025,partially disaggregated,1 - no poverty,,,,
2023,not disaggregated,1 - no poverty,.,,,
2024,not disaggregated,1 - no poverty,,,,75.0
2025,not disaggregated,1 - no poverty,,,,
2023,fully disaggregated,2 - zero hunger,.,,,
2024,fully disaggregated,2 - zero hunger,,,,25.0
2025,fully disaggregated,2 - zero hunger,,,,
2023,partially disaggregated,2 - zero hunger,.,,,
2024,partially disaggregated,2 - zero hunger,-,,,0.0
2025,partially disaggregated,2 - zero hunger,,,,
2023,not disaggregated,2 - zero hunger,.,,,
2024,not disaggregated,2 - zero hunger,,,,75.0
2025,not disaggregated,2 - zero hunger,,,,
2023,fully disaggregated,3 - good health and well-being,.,,,
2024,fully disaggregated,3 - good health and well-being,-,,,0.0
2025,fully disaggregated,3 - good health and well-being,,,,
2023,partially disaggregated,3 - good health and well-being,.,,,
2024,partially disaggregated,3 - good health and well-being,,,,100.0
2025,partially disaggregated,3 - good health and well-being,,,,
2023,not disaggregated,3 - good health and well-being,.,,,
2024,not disaggregated,3 - good health and well-being,-,,,0.0
2025,not disaggregated,3 - good health and well-being,,,,
2023,fully disaggregated,4 - quality education,.,,,
2024,fully disaggregated,4 - quality education,,,,33.0
2025,fully disaggregated,4 - quality education,,,,
2023,partially disaggregated,4 - quality education,.,,,
2024,partially disaggregated,4 - quality education,-,,,0.0
2025,partially disaggregated,4 - quality education,,,,
2023,not disaggregated,4 - quality education,.,,,
2024,not disaggregated,4 - quality education,,,,67.0
2025,not disaggregated,4 - quality education,,,,
2023,fully disaggregated,5 - gender equality,.,,,
2024,fully disaggregated,5 - gender equality,-,,,0.0
2025,fully disaggregated,5 - gender equality,,,,
2023,partially disaggregated,5 - gender equality,.,,,
2024,partially disaggregated,5 - gender equality,,,,17.0
2025,partially disaggregated,5 - gender equality,,,,
2023,not disaggregated,5 - gender equality,.,,,
2024,not disaggregated,5 - gender equality,,,,83.0
2025,not disaggregated,5 - gender equality,,,,
2023,fully disaggregated,8 - decent work and economic growth,.,,,
2024,fully disaggregated,8 - decent work and economic growth,,,,17.0
2025,fully disaggregated,8 - decent work and economic growth,,,,
2023,partially disaggregated,8 - decent work and economic growth,.,,,
2024,partially disaggregated,8 - decent work and economic growth,,,,50.0
2025,partially disaggregated,8 - decent work and economic growth,,,,
2023,not disaggregated,8 - decent work and economic growth,.,,,
2024,not disaggregated,8 - decent work and economic growth,,,,33.0
2025,not disaggregated,8 - decent work and economic growth,,,,
2023,fully disaggregated,"9 - industry, innovation and infrastructure",.,,,
2024,fully disaggregated,"9 - industry, innovation and infrastructure",,,,100.0
2025,fully disaggregated,"9 - industry, innovation and infrastructure",,,,
2023,partially disaggregated,"9 - industry, innovation and infrastructure",.,,,
2024,partially disaggregated,"9 - industry, innovation and infrastructure",-,,,0.0
2025,partially disaggregated,"9 - industry, innovation and infrastructure",,,,
2023,not disaggregated,"9 - industry, innovation and infrastructure",.,,,
2024,not disaggregated,"9 - industry, innovation and infrastructure",-,,,0.0
2025,not disaggregated,"9 - industry, innovation and infrastructure",,,,
2023,fully disaggregated,10 - reduced inequalities,.,,,
2024,fully disaggregated,10 - reduced inequalities,,,,33.0
2025,fully disaggregated,10 - reduced inequalities,,,,
2023,partially disaggregated,10 - reduced inequalities,.,,,
2024,partially disaggregated,10 - reduced inequalities,,,,67.0
2025,partially disaggregated,10 - reduced inequalities,,,,
2023,not disaggregated,10 - reduced inequalities,.,,,
2024,not disaggregated,10 - reduced inequalities,-,,,0.0
2025,not disaggregated,10 - reduced inequalities,,,,
2023,fully disaggregated,11 - sustainable cities and communities,.,,,
2024,fully disaggregated,11 - sustainable cities and communities,-,,,0.0
2025,fully disaggregated,11 - sustainable cities and communities,,,,
2023,partially disaggregated,11 - sustainable cities and communities,.,,,
2024,partially disaggregated,11 - sustainable cities and communities,,,,40.0
2025,partially disaggregated,11 - sustainable cities and communities,,,,
2023,not disaggregated,11 - sustainable cities and communities,.,,,
2024,not disaggregated,11 - sustainable cities and communities,,,,60.0
2025,not disaggregated,11 - sustainable cities and communities,,,,
2023,fully disaggregated,12 - responsible consumption and production,.,,,
2024,fully disaggregated,12 - responsible consumption and production,,,,100.0
2025,fully disaggregated,12 - responsible consumption and production,,,,
2023,partially disaggregated,12 - responsible consumption and production,.,,,
2024,partially disaggregated,12 - responsible consumption and production,-,,,0.0
2025,partially disaggregated,12 - responsible consumption and production,,,,
2023,not disaggregated,12 - responsible consumption and production,.,,,
2024,not disaggregated,12 - responsible consumption and production,-,,,0.0
2025,not disaggregated,12 - responsible consumption and production,,,,
2023,fully disaggregated,15 - life on land,.,,,
2024,fully disaggregated,15 - life on land,-,,,0.0
2025,fully disaggregated,15 - life on land,,,,
2023,partially disaggregated,15 - life on land,.,,,
2024,partially disaggregated,15 - life on land,-,,,0.0
2025,partially disaggregated,15 - life on land,,,,
2023,not disaggregated,15 - life on land,.,,,
2024,not disaggregated,15 - life on land,,,,100.0
2025,not disaggregated,15 - life on land,,,,
2023,fully disaggregated,16 - peace and justice,.,,,
2024,fully disaggregated,16 - peace and justice,,,,25.0
2025,fully disaggregated,16 - peace and justice,,,,
2023,partially disaggregated,16 - peace and justice,.,,,
2024,partially disaggregated,16 - peace and justice,,,,25.0
2025,partially disaggregated,16 - peace and justice,,,,
2023,not disaggregated,16 - peace and justice,.,,,
2024,not disaggregated,16 - peace and justice,,,,50.0
2025,not disaggregated,16 - peace and justice,,,,
2023,fully disaggregated,17 - partnerships for the goals,.,,,
2024,fully disaggregated,17 - partnerships for the goals,,,,50.0
2025,fully disaggregated,17 - partnerships for the goals,,,,
2023,partially disaggregated,17 - partnerships for the goals,.,,,
2024,partially disaggregated,17 - partnerships for the goals,-,,,0.0
2025,partially disaggregated,17 - partnerships for the goals,,,,
2023,not disaggregated,17 - partnerships for the goals,.,,,
2024,not disaggregated,17 - partnerships for the goals,,,,50.0
2025,not disaggregated,17 - partnerships for the goals,,,,
