Year,activities,age,Value
2010,copied or moved a file and folder,,
2011,copied or moved a file and folder,,72.0
2012,copied or moved a file and folder,,68.0
2013,copied or moved a file and folder,,
2014,copied or moved a file and folder,,76.0
2015,copied or moved a file and folder,,68.0
2016,copied or moved a file and folder,,68.0
2017,copied or moved a file and folder,,69.0
2018,copied or moved a file and folder,,
2019,copied or moved a file and folder,,71.0
2020,copied or moved a file and folder,,
2021,copied or moved a file and folder,,
2010,using copy or cut and paste tools to duplicate or move information on screen,,
2011,using copy or cut and paste tools to duplicate or move information on screen,,70.0
2012,using copy or cut and paste tools to duplicate or move information on screen,,66.0
2013,using copy or cut and paste tools to duplicate or move information on screen,,
2014,using copy or cut and paste tools to duplicate or move information on screen,,74.0
2015,using copy or cut and paste tools to duplicate or move information on screen,,
2016,using copy or cut and paste tools to duplicate or move information on screen,,
2017,using copy or cut and paste tools to duplicate or move information on screen,,
2018,using copy or cut and paste tools to duplicate or move information on screen,,
2019,using copy or cut and paste tools to duplicate or move information on screen,,
2020,using copy or cut and paste tools to duplicate or move information on screen,,
2021,using copy or cut and paste tools to duplicate or move information on screen,,
2010,written code in a programming language,,
2011,written code in a programming language,,
2012,written code in a programming language,,
2013,written code in a programming language,,
2014,written code in a programming language,,
2015,written code in a programming language,,6.0
2016,written code in a programming language,,6.0
2017,written code in a programming language,,6.0
2018,written code in a programming language,,
2019,written code in a programming language,,6.0
2020,written code in a programming language,,
2021,written code in a programming language,,4.6
2010,"connecting and installing new devices, eg a printer or a modem",,
2011,"connecting and installing new devices, eg a printer or a modem",,45.0
2012,"connecting and installing new devices, eg a printer or a modem",,45.0
2013,"connecting and installing new devices, eg a printer or a modem",,
2014,"connecting and installing new devices, eg a printer or a modem",,49.0
2015,"connecting and installing new devices, eg a printer or a modem",,
2016,"connecting and installing new devices, eg a printer or a modem",,
2017,"connecting and installing new devices, eg a printer or a modem",,
2018,"connecting and installing new devices, eg a printer or a modem",,
2019,"connecting and installing new devices, eg a printer or a modem",,
2020,"connecting and installing new devices, eg a printer or a modem",,
2021,"connecting and installing new devices, eg a printer or a modem",,
2010,transferred files between computer and other devices,,
2011,transferred files between computer and other devices,,61.0
2012,transferred files between computer and other devices,,59.0
2013,transferred files between computer and other devices,,
2014,transferred files between computer and other devices,,65.0
2015,transferred files between computer and other devices,,60.0
2016,transferred files between computer and other devices,,62.0
2017,transferred files between computer and other devices,,64.0
2018,transferred files between computer and other devices,,
2019,transferred files between computer and other devices,,66.0
2020,transferred files between computer and other devices,,
2021,transferred files between computer and other devices,,52.8
2010,installed software or applications (apps),,
2011,installed software or applications (apps),,
2012,installed software or applications (apps),,
2013,installed software or applications (apps),,
2014,installed software or applications (apps),,
2015,installed software or applications (apps),,60.0
2016,installed software or applications (apps),,63.0
2017,installed software or applications (apps),,62.0
2018,installed software or applications (apps),,
2019,installed software or applications (apps),,68.0
2020,installed software or applications (apps),,
2021,installed software or applications (apps),,44.0
2010,"creating electronic presentations with presentation software (e.g. slides), including e.g. images, sound, video or charts",,
2011,"creating electronic presentations with presentation software (e.g. slides), including e.g. images, sound, video or charts",,33.0
2012,"creating electronic presentations with presentation software (e.g. slides), including e.g. images, sound, video or charts",,30.0
2013,"creating electronic presentations with presentation software (e.g. slides), including e.g. images, sound, video or charts",,
2014,"creating electronic presentations with presentation software (e.g. slides), including e.g. images, sound, video or charts",,34.0
2015,"creating electronic presentations with presentation software (e.g. slides), including e.g. images, sound, video or charts",,
2016,"creating electronic presentations with presentation software (e.g. slides), including e.g. images, sound, video or charts",,
2017,"creating electronic presentations with presentation software (e.g. slides), including e.g. images, sound, video or charts",,
2018,"creating electronic presentations with presentation software (e.g. slides), including e.g. images, sound, video or charts",,
2019,"creating electronic presentations with presentation software (e.g. slides), including e.g. images, sound, video or charts",,
2020,"creating electronic presentations with presentation software (e.g. slides), including e.g. images, sound, video or charts",,
2021,"creating electronic presentations with presentation software (e.g. slides), including e.g. images, sound, video or charts",,
2010,"used spreadsheet`s advanced functions to organize and analyze data, such as sorting, filtering, using formulas, creating charts",,
2011,"used spreadsheet`s advanced functions to organize and analyze data, such as sorting, filtering, using formulas, creating charts",,
2012,"used spreadsheet`s advanced functions to organize and analyze data, such as sorting, filtering, using formulas, creating charts",,
2013,"used spreadsheet`s advanced functions to organize and analyze data, such as sorting, filtering, using formulas, creating charts",,
2014,"used spreadsheet`s advanced functions to organize and analyze data, such as sorting, filtering, using formulas, creating charts",,
2015,"used spreadsheet`s advanced functions to organize and analyze data, such as sorting, filtering, using formulas, creating charts",,32.0
2016,"used spreadsheet`s advanced functions to organize and analyze data, such as sorting, filtering, using formulas, creating charts",,31.0
2017,"used spreadsheet`s advanced functions to organize and analyze data, such as sorting, filtering, using formulas, creating charts",,33.0
2018,"used spreadsheet`s advanced functions to organize and analyze data, such as sorting, filtering, using formulas, creating charts",,
2019,"used spreadsheet`s advanced functions to organize and analyze data, such as sorting, filtering, using formulas, creating charts",,33.0
2020,"used spreadsheet`s advanced functions to organize and analyze data, such as sorting, filtering, using formulas, creating charts",,
2021,"used spreadsheet`s advanced functions to organize and analyze data, such as sorting, filtering, using formulas, creating charts",,25.2
2010,copied or moved a file and folder,16 to under 25 years,
2011,copied or moved a file and folder,16 to under 25 years,94.0
2012,copied or moved a file and folder,16 to under 25 years,87.0
2013,copied or moved a file and folder,16 to under 25 years,
2014,copied or moved a file and folder,16 to under 25 years,94.0
2015,copied or moved a file and folder,16 to under 25 years,87.0
2016,copied or moved a file and folder,16 to under 25 years,86.0
2017,copied or moved a file and folder,16 to under 25 years,84.0
2018,copied or moved a file and folder,16 to under 25 years,
2019,copied or moved a file and folder,16 to under 25 years,82.0
2020,copied or moved a file and folder,16 to under 25 years,
2021,copied or moved a file and folder,16 to under 25 years,
2010,using copy or cut and paste tools to duplicate or move information on screen,16 to under 25 years,
2011,using copy or cut and paste tools to duplicate or move information on screen,16 to under 25 years,92.0
2012,using copy or cut and paste tools to duplicate or move information on screen,16 to under 25 years,85.0
2013,using copy or cut and paste tools to duplicate or move information on screen,16 to under 25 years,
2014,using copy or cut and paste tools to duplicate or move information on screen,16 to under 25 years,93.0
2015,using copy or cut and paste tools to duplicate or move information on screen,16 to under 25 years,
2016,using copy or cut and paste tools to duplicate or move information on screen,16 to under 25 years,
2017,using copy or cut and paste tools to duplicate or move information on screen,16 to under 25 years,
2018,using copy or cut and paste tools to duplicate or move information on screen,16 to under 25 years,
2019,using copy or cut and paste tools to duplicate or move information on screen,16 to under 25 years,
2020,using copy or cut and paste tools to duplicate or move information on screen,16 to under 25 years,
2021,using copy or cut and paste tools to duplicate or move information on screen,16 to under 25 years,
2010,written code in a programming language,16 to under 25 years,
2011,written code in a programming language,16 to under 25 years,
2012,written code in a programming language,16 to under 25 years,
2013,written code in a programming language,16 to under 25 years,
2014,written code in a programming language,16 to under 25 years,
2015,written code in a programming language,16 to under 25 years,12.0
2016,written code in a programming language,16 to under 25 years,13.0
2017,written code in a programming language,16 to under 25 years,12.0
2018,written code in a programming language,16 to under 25 years,
2019,written code in a programming language,16 to under 25 years,14.0
2020,written code in a programming language,16 to under 25 years,
2021,written code in a programming language,16 to under 25 years,10.1
2010,"connecting and installing new devices, eg a printer or a modem",16 to under 25 years,
2011,"connecting and installing new devices, eg a printer or a modem",16 to under 25 years,62.0
2012,"connecting and installing new devices, eg a printer or a modem",16 to under 25 years,57.0
2013,"connecting and installing new devices, eg a printer or a modem",16 to under 25 years,
2014,"connecting and installing new devices, eg a printer or a modem",16 to under 25 years,62.0
2015,"connecting and installing new devices, eg a printer or a modem",16 to under 25 years,
2016,"connecting and installing new devices, eg a printer or a modem",16 to under 25 years,
2017,"connecting and installing new devices, eg a printer or a modem",16 to under 25 years,
2018,"connecting and installing new devices, eg a printer or a modem",16 to under 25 years,
2019,"connecting and installing new devices, eg a printer or a modem",16 to under 25 years,
2020,"connecting and installing new devices, eg a printer or a modem",16 to under 25 years,
2021,"connecting and installing new devices, eg a printer or a modem",16 to under 25 years,
2010,transferred files between computer and other devices,16 to under 25 years,
2011,transferred files between computer and other devices,16 to under 25 years,92.0
2012,transferred files between computer and other devices,16 to under 25 years,88.0
2013,transferred files between computer and other devices,16 to under 25 years,
2014,transferred files between computer and other devices,16 to under 25 years,91.0
2015,transferred files between computer and other devices,16 to under 25 years,86.0
2016,transferred files between computer and other devices,16 to under 25 years,85.0
2017,transferred files between computer and other devices,16 to under 25 years,83.0
2018,transferred files between computer and other devices,16 to under 25 years,
2019,transferred files between computer and other devices,16 to under 25 years,80.0
2020,transferred files between computer and other devices,16 to under 25 years,
2021,transferred files between computer and other devices,16 to under 25 years,68.2
2010,installed software or applications (apps),16 to under 25 years,
2011,installed software or applications (apps),16 to under 25 years,
2012,installed software or applications (apps),16 to under 25 years,
2013,installed software or applications (apps),16 to under 25 years,
2014,installed software or applications (apps),16 to under 25 years,
2015,installed software or applications (apps),16 to under 25 years,87.0
2016,installed software or applications (apps),16 to under 25 years,89.0
2017,installed software or applications (apps),16 to under 25 years,86.0
2018,installed software or applications (apps),16 to under 25 years,
2019,installed software or applications (apps),16 to under 25 years,88.0
2020,installed software or applications (apps),16 to under 25 years,
2021,installed software or applications (apps),16 to under 25 years,58.5
2010,"creating electronic presentations with presentation software (e.g. slides), including e.g. images, sound, video or charts",16 to under 25 years,
2011,"creating electronic presentations with presentation software (e.g. slides), including e.g. images, sound, video or charts",16 to under 25 years,67.0
2012,"creating electronic presentations with presentation software (e.g. slides), including e.g. images, sound, video or charts",16 to under 25 years,57.0
2013,"creating electronic presentations with presentation software (e.g. slides), including e.g. images, sound, video or charts",16 to under 25 years,
2014,"creating electronic presentations with presentation software (e.g. slides), including e.g. images, sound, video or charts",16 to under 25 years,67.0
2015,"creating electronic presentations with presentation software (e.g. slides), including e.g. images, sound, video or charts",16 to under 25 years,
2016,"creating electronic presentations with presentation software (e.g. slides), including e.g. images, sound, video or charts",16 to under 25 years,
2017,"creating electronic presentations with presentation software (e.g. slides), including e.g. images, sound, video or charts",16 to under 25 years,
2018,"creating electronic presentations with presentation software (e.g. slides), including e.g. images, sound, video or charts",16 to under 25 years,
2019,"creating electronic presentations with presentation software (e.g. slides), including e.g. images, sound, video or charts",16 to under 25 years,
2020,"creating electronic presentations with presentation software (e.g. slides), including e.g. images, sound, video or charts",16 to under 25 years,
2021,"creating electronic presentations with presentation software (e.g. slides), including e.g. images, sound, video or charts",16 to under 25 years,
2010,"used spreadsheet`s advanced functions to organize and analyze data, such as sorting, filtering, using formulas, creating charts",16 to under 25 years,
2011,"used spreadsheet`s advanced functions to organize and analyze data, such as sorting, filtering, using formulas, creating charts",16 to under 25 years,
2012,"used spreadsheet`s advanced functions to organize and analyze data, such as sorting, filtering, using formulas, creating charts",16 to under 25 years,
2013,"used spreadsheet`s advanced functions to organize and analyze data, such as sorting, filtering, using formulas, creating charts",16 to under 25 years,
2014,"used spreadsheet`s advanced functions to organize and analyze data, such as sorting, filtering, using formulas, creating charts",16 to under 25 years,
2015,"used spreadsheet`s advanced functions to organize and analyze data, such as sorting, filtering, using formulas, creating charts",16 to under 25 years,35.0
2016,"used spreadsheet`s advanced functions to organize and analyze data, such as sorting, filtering, using formulas, creating charts",16 to under 25 years,34.0
2017,"used spreadsheet`s advanced functions to organize and analyze data, such as sorting, filtering, using formulas, creating charts",16 to under 25 years,36.0
2018,"used spreadsheet`s advanced functions to organize and analyze data, such as sorting, filtering, using formulas, creating charts",16 to under 25 years,
2019,"used spreadsheet`s advanced functions to organize and analyze data, such as sorting, filtering, using formulas, creating charts",16 to under 25 years,34.0
2020,"used spreadsheet`s advanced functions to organize and analyze data, such as sorting, filtering, using formulas, creating charts",16 to under 25 years,
2021,"used spreadsheet`s advanced functions to organize and analyze data, such as sorting, filtering, using formulas, creating charts",16 to under 25 years,33.2
2010,copied or moved a file and folder,25 to under 65 years,
2011,copied or moved a file and folder,25 to under 65 years,76.0
2012,copied or moved a file and folder,25 to under 65 years,71.0
2013,copied or moved a file and folder,25 to under 65 years,
2014,copied or moved a file and folder,25 to under 65 years,80.0
2015,copied or moved a file and folder,25 to under 65 years,72.0
2016,copied or moved a file and folder,25 to under 65 years,72.0
2017,copied or moved a file and folder,25 to under 65 years,73.0
2018,copied or moved a file and folder,25 to under 65 years,
2019,copied or moved a file and folder,25 to under 65 years,75.0
2020,copied or moved a file and folder,25 to under 65 years,
2021,copied or moved a file and folder,25 to under 65 years,
2010,using copy or cut and paste tools to duplicate or move information on screen,25 to under 65 years,
2011,using copy or cut and paste tools to duplicate or move information on screen,25 to under 65 years,74.0
2012,using copy or cut and paste tools to duplicate or move information on screen,25 to under 65 years,69.0
2013,using copy or cut and paste tools to duplicate or move information on screen,25 to under 65 years,
2014,using copy or cut and paste tools to duplicate or move information on screen,25 to under 65 years,77.0
2015,using copy or cut and paste tools to duplicate or move information on screen,25 to under 65 years,
2016,using copy or cut and paste tools to duplicate or move information on screen,25 to under 65 years,
2017,using copy or cut and paste tools to duplicate or move information on screen,25 to under 65 years,
2018,using copy or cut and paste tools to duplicate or move information on screen,25 to under 65 years,
2019,using copy or cut and paste tools to duplicate or move information on screen,25 to under 65 years,
2020,using copy or cut and paste tools to duplicate or move information on screen,25 to under 65 years,
2021,using copy or cut and paste tools to duplicate or move information on screen,25 to under 65 years,
2010,written code in a programming language,25 to under 65 years,
2011,written code in a programming language,25 to under 65 years,
2012,written code in a programming language,25 to under 65 years,
2013,written code in a programming language,25 to under 65 years,
2014,written code in a programming language,25 to under 65 years,
2015,written code in a programming language,25 to under 65 years,6.0
2016,written code in a programming language,25 to under 65 years,5.0
2017,written code in a programming language,25 to under 65 years,5.0
2018,written code in a programming language,25 to under 65 years,
2019,written code in a programming language,25 to under 65 years,5.0
2020,written code in a programming language,25 to under 65 years,
2021,written code in a programming language,25 to under 65 years,4.5
2010,"connecting and installing new devices, eg a printer or a modem",25 to under 65 years,
2011,"connecting and installing new devices, eg a printer or a modem",25 to under 65 years,47.0
2012,"connecting and installing new devices, eg a printer or a modem",25 to under 65 years,48.0
2013,"connecting and installing new devices, eg a printer or a modem",25 to under 65 years,
2014,"connecting and installing new devices, eg a printer or a modem",25 to under 65 years,53.0
2015,"connecting and installing new devices, eg a printer or a modem",25 to under 65 years,
2016,"connecting and installing new devices, eg a printer or a modem",25 to under 65 years,
2017,"connecting and installing new devices, eg a printer or a modem",25 to under 65 years,
2018,"connecting and installing new devices, eg a printer or a modem",25 to under 65 years,
2019,"connecting and installing new devices, eg a printer or a modem",25 to under 65 years,
2020,"connecting and installing new devices, eg a printer or a modem",25 to under 65 years,
2021,"connecting and installing new devices, eg a printer or a modem",25 to under 65 years,
2010,transferred files between computer and other devices,25 to under 65 years,
2011,transferred files between computer and other devices,25 to under 65 years,63.0
2012,transferred files between computer and other devices,25 to under 65 years,61.0
2013,transferred files between computer and other devices,25 to under 65 years,
2014,transferred files between computer and other devices,25 to under 65 years,68.0
2015,transferred files between computer and other devices,25 to under 65 years,63.0
2016,transferred files between computer and other devices,25 to under 65 years,65.0
2017,transferred files between computer and other devices,25 to under 65 years,66.0
2018,transferred files between computer and other devices,25 to under 65 years,
2019,transferred files between computer and other devices,25 to under 65 years,69.0
2020,transferred files between computer and other devices,25 to under 65 years,
2021,transferred files between computer and other devices,25 to under 65 years,54.7
2010,installed software or applications (apps),25 to under 65 years,
2011,installed software or applications (apps),25 to under 65 years,
2012,installed software or applications (apps),25 to under 65 years,
2013,installed software or applications (apps),25 to under 65 years,
2014,installed software or applications (apps),25 to under 65 years,
2015,installed software or applications (apps),25 to under 65 years,63.0
2016,installed software or applications (apps),25 to under 65 years,66.0
2017,installed software or applications (apps),25 to under 65 years,65.0
2018,installed software or applications (apps),25 to under 65 years,
2019,installed software or applications (apps),25 to under 65 years,72.0
2020,installed software or applications (apps),25 to under 65 years,
2021,installed software or applications (apps),25 to under 65 years,45.9
2010,"creating electronic presentations with presentation software (e.g. slides), including e.g. images, sound, video or charts",25 to under 65 years,
2011,"creating electronic presentations with presentation software (e.g. slides), including e.g. images, sound, video or charts",25 to under 65 years,32.0
2012,"creating electronic presentations with presentation software (e.g. slides), including e.g. images, sound, video or charts",25 to under 65 years,30.0
2013,"creating electronic presentations with presentation software (e.g. slides), including e.g. images, sound, video or charts",25 to under 65 years,
2014,"creating electronic presentations with presentation software (e.g. slides), including e.g. images, sound, video or charts",25 to under 65 years,33.0
2015,"creating electronic presentations with presentation software (e.g. slides), including e.g. images, sound, video or charts",25 to under 65 years,
2016,"creating electronic presentations with presentation software (e.g. slides), including e.g. images, sound, video or charts",25 to under 65 years,
2017,"creating electronic presentations with presentation software (e.g. slides), including e.g. images, sound, video or charts",25 to under 65 years,
2018,"creating electronic presentations with presentation software (e.g. slides), including e.g. images, sound, video or charts",25 to under 65 years,
2019,"creating electronic presentations with presentation software (e.g. slides), including e.g. images, sound, video or charts",25 to under 65 years,
2020,"creating electronic presentations with presentation software (e.g. slides), including e.g. images, sound, video or charts",25 to under 65 years,
2021,"creating electronic presentations with presentation software (e.g. slides), including e.g. images, sound, video or charts",25 to under 65 years,
2010,"used spreadsheet`s advanced functions to organize and analyze data, such as sorting, filtering, using formulas, creating charts",25 to under 65 years,
2011,"used spreadsheet`s advanced functions to organize and analyze data, such as sorting, filtering, using formulas, creating charts",25 to under 65 years,
2012,"used spreadsheet`s advanced functions to organize and analyze data, such as sorting, filtering, using formulas, creating charts",25 to under 65 years,
2013,"used spreadsheet`s advanced functions to organize and analyze data, such as sorting, filtering, using formulas, creating charts",25 to under 65 years,
2014,"used spreadsheet`s advanced functions to organize and analyze data, such as sorting, filtering, using formulas, creating charts",25 to under 65 years,
2015,"used spreadsheet`s advanced functions to organize and analyze data, such as sorting, filtering, using formulas, creating charts",25 to under 65 years,35.0
2016,"used spreadsheet`s advanced functions to organize and analyze data, such as sorting, filtering, using formulas, creating charts",25 to under 65 years,34.0
2017,"used spreadsheet`s advanced functions to organize and analyze data, such as sorting, filtering, using formulas, creating charts",25 to under 65 years,37.0
2018,"used spreadsheet`s advanced functions to organize and analyze data, such as sorting, filtering, using formulas, creating charts",25 to under 65 years,
2019,"used spreadsheet`s advanced functions to organize and analyze data, such as sorting, filtering, using formulas, creating charts",25 to under 65 years,37.0
2020,"used spreadsheet`s advanced functions to organize and analyze data, such as sorting, filtering, using formulas, creating charts",25 to under 65 years,
2021,"used spreadsheet`s advanced functions to organize and analyze data, such as sorting, filtering, using formulas, creating charts",25 to under 65 years,26.9
