Year,Units,COMMENT_OBS_0,COMMENT_OBS_1,COMMENT_OBS_2,Value
2010,number,.,,,
2011,number,.,,,
2012,number,.,,,
2013,number,.,,,
2014,number,.,,,
2015,number,.,,,
2016,number,.,,,
2017,number,.,,,
2018,number,,,,31221.0
2019,number,,,,29680.0
2020,number,,,,30794.0
2021,number,,,,30122.0
2022,number,,,,35964.0
2023,number,,,,37407.0
2010,percentage,.,,,
2011,percentage,.,,,
2012,percentage,.,,,
2013,percentage,.,,,
2014,percentage,.,,,
2015,percentage,.,,,
2016,percentage,.,,,
2017,percentage,.,,,
2018,percentage,,,,0.09
2019,percentage,,,,0.08
2020,percentage,,,,0.08
2021,percentage,,,,0.08
2022,percentage,,,,0.1
2023,percentage,,,,0.1
