Year,Units,timeseries,Value
2015,km2,lakes and rivers permanent water area,5636.0
2018,km2,lakes and rivers permanent water area,5666.0
2015,%,lakes and rivers permanent water area as a proportion of total land area,1.576
2018,%,lakes and rivers permanent water area as a proportion of total land area,1.585
2015,km2,wetlands area,1547.0
2018,km2,wetlands area,1558.0
2015,%,wetlands area as a proportion of total land area,0.433
2018,%,wetlands area as a proportion of total land area,0.436
2018,%,lakes and rivers permanent water area change (compared to 2015),0.537
